id,state_id,name
58e3a73e-166e-4952-be09-2d2c16906d76,28a72607-6e5d-4b2d-80a9-ba73421f4d33,Nicobars
6f662991-01ba-4a8a-88cd-513efc65513d,28a72607-6e5d-4b2d-80a9-ba73421f4d33,North And Middle Andaman
987e18fb-5872-4b45-a6a5-6521488ff84c,28a72607-6e5d-4b2d-80a9-ba73421f4d33,South Andamans
be8dba2e-97e4-43c3-873b-b4a8ef8448b1,165e0b57-2fa1-44a4-b9e0-910cde6290c8,Alluri Sitharama Raju
59270e09-0fef-4093-b356-057f69dc8102,165e0b57-2fa1-44a4-b9e0-910cde6290c8,Anakapalli
c75b8cd3-bab8-443c-8626-263a0363c5b6,165e0b57-2fa1-44a4-b9e0-910cde6290c8,Anantapur
4efc2e49-e5ee-445f-a25f-ae9c7f94052f,165e0b57-2fa1-44a4-b9e0-910cde6290c8,Annamayya
63207eee-b7ea-4db1-a402-4a87eb1146f2,165e0b57-2fa1-44a4-b9e0-910cde6290c8,Bapatla
74933c66-273f-4fbc-95d8-aec8ab87253d,165e0b57-2fa1-44a4-b9e0-910cde6290c8,Chittoor
7838cd59-425a-447c-822a-1201cb72f9b6,165e0b57-2fa1-44a4-b9e0-910cde6290c8,East Godavari
eff3bc90-6f09-4ac9-b432-ef45f6ce3d9a,165e0b57-2fa1-44a4-b9e0-910cde6290c8,Eluru
8aca54ab-0e7e-4c79-a21a-d06e81071072,165e0b57-2fa1-44a4-b9e0-910cde6290c8,Guntur
a72bb657-8fa4-4e26-8097-609ff4e4a1a2,165e0b57-2fa1-44a4-b9e0-910cde6290c8,Kakinada
a01b97a5-179c-42b7-b75a-813196e36536,165e0b57-2fa1-44a4-b9e0-910cde6290c8,Konaseema
da4c5ba5-9e65-4632-90b1-74a496addf57,165e0b57-2fa1-44a4-b9e0-910cde6290c8,Krishna
ae108d8a-59a2-4e58-b81b-051c4c769577,165e0b57-2fa1-44a4-b9e0-910cde6290c8,Kurnool
ec839c61-0b2d-4c9f-8920-120c42eb7455,165e0b57-2fa1-44a4-b9e0-910cde6290c8,Nandyal
a4b081b5-1923-451a-a7d7-8d3c653571d7,165e0b57-2fa1-44a4-b9e0-910cde6290c8,Ntr
fec6bf2f-99fd-46e0-8490-aab5c76d27a4,165e0b57-2fa1-44a4-b9e0-910cde6290c8,Palnadu
4ec06529-841b-4c28-af11-4863a5a16f34,165e0b57-2fa1-44a4-b9e0-910cde6290c8,Parvathipuram Manyam
9cad2ff0-0b8c-481d-9217-1d0ff090ff78,165e0b57-2fa1-44a4-b9e0-910cde6290c8,Prakasam
ba49069f-b8f4-444f-9467-b33c6532b82e,165e0b57-2fa1-44a4-b9e0-910cde6290c8,Spsr Nellore
aa22fa79-17bd-493c-8396-b154c3904cae,165e0b57-2fa1-44a4-b9e0-910cde6290c8,Srikakulam
a84bfa98-fc7b-426b-8a8f-ca477cd5624e,165e0b57-2fa1-44a4-b9e0-910cde6290c8,Sri Sathya Sai
b596c1a8-1fec-45cd-b700-44acc2b1fe8e,165e0b57-2fa1-44a4-b9e0-910cde6290c8,Tirupati
cea74f57-5a3d-4ee1-bd5e-6a7eb0340d56,165e0b57-2fa1-44a4-b9e0-910cde6290c8,Visakhapatanam
fb0a1a33-e170-4435-9f0c-3eaf34ee58ed,165e0b57-2fa1-44a4-b9e0-910cde6290c8,Vizianagaram
fd97599c-6080-47da-8001-0834ac912c47,165e0b57-2fa1-44a4-b9e0-910cde6290c8,West Godavari
962724f7-0cf2-4f67-8c6d-9f0b81e2e128,165e0b57-2fa1-44a4-b9e0-910cde6290c8,Y.S.R.
41f3d70e-bbfd-4109-a799-ac1d737b6339,f26c4802-5a03-4d3f-8d20-44f876dc7b37,Anjaw
9a3b311c-32d5-49d4-a967-40972df8ebc7,f26c4802-5a03-4d3f-8d20-44f876dc7b37,Changlang
d38aa5da-4319-44f2-ab8c-f769b53dad1c,f26c4802-5a03-4d3f-8d20-44f876dc7b37,Dibang Valley
c27b37f7-274d-4f98-9721-f751ca3df633,f26c4802-5a03-4d3f-8d20-44f876dc7b37,East Kameng
8716c900-77d4-4b1c-b6dd-9e7a62976ac4,f26c4802-5a03-4d3f-8d20-44f876dc7b37,East Siang
f87a836d-80de-414f-9b8d-eb3d24825d0c,f26c4802-5a03-4d3f-8d20-44f876dc7b37,Kamle
ff95df54-8f90-4142-9d17-75ed721a7d08,f26c4802-5a03-4d3f-8d20-44f876dc7b37,Kra Daadi
18330689-14ad-4060-8c8b-33353648a757,f26c4802-5a03-4d3f-8d20-44f876dc7b37,Kurung Kumey
6ea5e19a-4148-4ed9-a04e-fcb87ea3e78c,f26c4802-5a03-4d3f-8d20-44f876dc7b37,Leparada
35436c80-591c-4470-ace2-d439eba31b60,f26c4802-5a03-4d3f-8d20-44f876dc7b37,Lohit
104cc875-4d8b-4004-b214-6a577836ba77,f26c4802-5a03-4d3f-8d20-44f876dc7b37,Longding
af4a3011-1ee6-4245-b04b-24be793da7b8,f26c4802-5a03-4d3f-8d20-44f876dc7b37,Lower Dibang Valley
e38ac63d-7ab8-4f2d-a40b-2cc1478d4bf2,f26c4802-5a03-4d3f-8d20-44f876dc7b37,Lower Siang
abd5f780-cedd-4394-b24a-e991febf5919,f26c4802-5a03-4d3f-8d20-44f876dc7b37,Lower Subansiri
848de6f4-0696-40fb-be14-2c9c8b9f7cf2,f26c4802-5a03-4d3f-8d20-44f876dc7b37,Namsai
f517e138-14d5-4ba7-b5b5-6f151d1a5510,f26c4802-5a03-4d3f-8d20-44f876dc7b37,Pakke Kessang
478944ab-d1fc-4314-924e-c4101d93575e,f26c4802-5a03-4d3f-8d20-44f876dc7b37,Papum Pare
44890add-509f-43ab-8392-1d947e454dd5,f26c4802-5a03-4d3f-8d20-44f876dc7b37,Shi Yomi
b31b9b70-9e9f-432a-a687-c338fbb724b8,f26c4802-5a03-4d3f-8d20-44f876dc7b37,Siang
b09ae156-dafd-435a-bac8-8ac2159c413d,f26c4802-5a03-4d3f-8d20-44f876dc7b37,Tawang
645659ff-2721-464b-b66a-e3f0e11626a9,f26c4802-5a03-4d3f-8d20-44f876dc7b37,Tirap
771dca1f-2655-496a-888a-0a9abe055a15,f26c4802-5a03-4d3f-8d20-44f876dc7b37,Upper Siang
c2b2e4cc-ca70-4a77-8070-20b9e1dbc0ae,f26c4802-5a03-4d3f-8d20-44f876dc7b37,Upper Subansiri
518b61ad-78ae-46a2-9fc4-39b9b50eb5f2,f26c4802-5a03-4d3f-8d20-44f876dc7b37,West Kameng
b697aac8-715c-435c-a7fd-a657f6cfb10f,f26c4802-5a03-4d3f-8d20-44f876dc7b37,West Siang
9609aef8-92b8-4654-a08a-6bfc7e5212e7,692946f1-8f9e-4c21-8529-5b31ceb0439a,Bajali
3f767777-41d6-4051-91b7-326d6fa84f1c,692946f1-8f9e-4c21-8529-5b31ceb0439a,Baksa
8f346b26-9e44-4f01-8bfd-9c49fea7d68e,692946f1-8f9e-4c21-8529-5b31ceb0439a,Barpeta
fa19e6fc-f4ed-472b-b632-663aeb2c833e,692946f1-8f9e-4c21-8529-5b31ceb0439a,Biswanath
a2f6b4ae-c44c-4326-bb8a-684e3db66c97,692946f1-8f9e-4c21-8529-5b31ceb0439a,Bongaigaon
029662a2-6073-4db0-9c97-6bff42b2b630,692946f1-8f9e-4c21-8529-5b31ceb0439a,Cachar
aa605d52-2b5f-44ec-81be-a72d55b9e149,692946f1-8f9e-4c21-8529-5b31ceb0439a,Charaideo
306fa80a-dd98-4d21-91e7-e87f338a2fc6,692946f1-8f9e-4c21-8529-5b31ceb0439a,Chirang
5231443a-185c-48f4-ba98-71535a618d52,692946f1-8f9e-4c21-8529-5b31ceb0439a,Darrang
af4eb303-9f36-4a36-88d6-922db9c3fea8,692946f1-8f9e-4c21-8529-5b31ceb0439a,Dhemaji
ee7567f0-0c40-4234-90b9-d0aa6d588427,692946f1-8f9e-4c21-8529-5b31ceb0439a,Dhubri
8b0c3837-1d96-4361-a2d0-c714f8a91a1f,692946f1-8f9e-4c21-8529-5b31ceb0439a,Dibrugarh
380a05a8-fcd7-480c-bc59-845c59231381,692946f1-8f9e-4c21-8529-5b31ceb0439a,Dima Hasao
2e032319-bd10-4632-8514-33f28905016a,692946f1-8f9e-4c21-8529-5b31ceb0439a,Goalpara
3f4b92e8-12b9-4b8f-a9c0-dbaaf92ef089,692946f1-8f9e-4c21-8529-5b31ceb0439a,Golaghat
c822204c-7c54-4676-8ea7-e9d9b275e1f1,692946f1-8f9e-4c21-8529-5b31ceb0439a,Hailakandi
2a12e74c-b4d2-490d-9fdd-aff05b7a0875,692946f1-8f9e-4c21-8529-5b31ceb0439a,Hojai
351bc963-7818-4aca-a098-f3a14354e2d8,692946f1-8f9e-4c21-8529-5b31ceb0439a,Jorhat
7c04f920-84bf-48c0-9646-c82b33936acc,692946f1-8f9e-4c21-8529-5b31ceb0439a,Kamrup
210e3cc8-62fe-48c4-9947-f6d971640c41,692946f1-8f9e-4c21-8529-5b31ceb0439a,Kamrup Metro
70276c40-de16-4270-9184-b819ef321ffb,692946f1-8f9e-4c21-8529-5b31ceb0439a,Karbi Anglong
7edd06b3-49e7-4d9d-a06b-02abe2f30d4f,692946f1-8f9e-4c21-8529-5b31ceb0439a,Karimganj
36d1d74c-986b-41e3-a670-88e1da4e4eff,692946f1-8f9e-4c21-8529-5b31ceb0439a,Kokrajhar
984f788e-429c-4743-8ddf-2f309cd411bd,692946f1-8f9e-4c21-8529-5b31ceb0439a,Lakhimpur
25d0e77e-3d47-4096-845c-3e96138e751a,692946f1-8f9e-4c21-8529-5b31ceb0439a,Majuli
6a0e8d9b-b7a8-45e5-8286-ba9d82a743d2,692946f1-8f9e-4c21-8529-5b31ceb0439a,Marigaon
a99aa8df-2e12-413f-acfb-4d539c704aa4,692946f1-8f9e-4c21-8529-5b31ceb0439a,Nagaon
c49edda8-806d-4b98-aa32-985cab281582,692946f1-8f9e-4c21-8529-5b31ceb0439a,Nalbari
baa59fb2-c332-46ed-b1ab-1441730bfa9c,692946f1-8f9e-4c21-8529-5b31ceb0439a,Sivasagar
90d35f82-6d6b-4766-bdb2-917d5d09513b,692946f1-8f9e-4c21-8529-5b31ceb0439a,Sonitpur
84f50570-fa42-4be6-85ba-fd43769b28db,692946f1-8f9e-4c21-8529-5b31ceb0439a,South Salmara Mancachar
2db67625-3aeb-432f-af8c-1ae3bd434ace,692946f1-8f9e-4c21-8529-5b31ceb0439a,Tamulpur
407d967b-6037-4178-a6c4-eb9a3c368f45,692946f1-8f9e-4c21-8529-5b31ceb0439a,Tinsukia
04ba1bb0-9457-443c-b409-413d31ab55e5,692946f1-8f9e-4c21-8529-5b31ceb0439a,Udalguri
c9af5f2c-f091-4105-b7a1-a085446a5e02,692946f1-8f9e-4c21-8529-5b31ceb0439a,West Karbi Anglong
2ef17f10-c3ce-45cd-8081-a861814f9c06,b9de4cb7-0106-4266-88f0-b1b791435603,Araria
b1558fc1-e941-430b-99f0-0885a2d8e5b4,b9de4cb7-0106-4266-88f0-b1b791435603,Arwal
cee7d473-fb0e-4929-ab38-05d9f1101b3b,b9de4cb7-0106-4266-88f0-b1b791435603,Aurangabad
840c147f-a136-4000-b537-45def8f84224,b9de4cb7-0106-4266-88f0-b1b791435603,Banka
ff716f43-6bce-49b7-8cf9-8ae101513194,b9de4cb7-0106-4266-88f0-b1b791435603,Begusarai
0c5586f3-2ebb-4172-a575-f6db2dd50a9d,b9de4cb7-0106-4266-88f0-b1b791435603,Bhagalpur
65d00246-3428-4e17-8259-7c0f2f4d0103,b9de4cb7-0106-4266-88f0-b1b791435603,Bhojpur
7194ec41-95eb-4888-b3ff-39e7ce3950fa,b9de4cb7-0106-4266-88f0-b1b791435603,Buxar
066e677b-dc45-468a-9f45-2e9dbc999afc,b9de4cb7-0106-4266-88f0-b1b791435603,Darbhanga
986713e0-6a93-4df2-846e-56757833f38b,b9de4cb7-0106-4266-88f0-b1b791435603,Gaya
3344c024-e55a-4421-94cf-9b464ea097b6,b9de4cb7-0106-4266-88f0-b1b791435603,Gopalganj
94965d8e-7a99-48f9-b839-79791edc6f06,b9de4cb7-0106-4266-88f0-b1b791435603,Jamui
f81db491-54c8-4d4c-ad08-97ce7130c4db,b9de4cb7-0106-4266-88f0-b1b791435603,Jehanabad
538ace19-8d71-464b-8128-3c238728e102,b9de4cb7-0106-4266-88f0-b1b791435603,Kaimur (Bhabua)
ecbe9c45-d8dc-45bd-8a0d-864d34895c4e,b9de4cb7-0106-4266-88f0-b1b791435603,Katihar
11c4f686-502e-40e3-aeae-bcd80bc5d757,b9de4cb7-0106-4266-88f0-b1b791435603,Khagaria
ba9edc12-9bce-4a91-b267-7f9269cfc448,b9de4cb7-0106-4266-88f0-b1b791435603,Kishanganj
7924596a-ef75-4d46-852e-23c7cd212882,b9de4cb7-0106-4266-88f0-b1b791435603,Lakhisarai
502121b9-4116-4216-be91-6517b9b06f85,b9de4cb7-0106-4266-88f0-b1b791435603,Madhepura
756d0d70-9adb-466c-b0ac-5ae9777228bd,b9de4cb7-0106-4266-88f0-b1b791435603,Madhubani
6d97cd54-7943-4365-be02-c79802c910be,b9de4cb7-0106-4266-88f0-b1b791435603,Munger
78315836-96b9-4a60-9dac-166668acdcc9,b9de4cb7-0106-4266-88f0-b1b791435603,Muzaffarpur
53c1c664-8b67-4751-bb71-d15b73d2b61c,b9de4cb7-0106-4266-88f0-b1b791435603,Nalanda
865a1f2d-a284-4377-a72b-dc80e781d093,b9de4cb7-0106-4266-88f0-b1b791435603,Nawada
918334d0-95bb-4bb2-9e67-6109425544cc,b9de4cb7-0106-4266-88f0-b1b791435603,Pashchim Champaran
8a39039d-fe22-4974-acf7-67f254795643,b9de4cb7-0106-4266-88f0-b1b791435603,Patna
bda0697f-50a5-4048-aa74-b678fa275384,b9de4cb7-0106-4266-88f0-b1b791435603,Purbi Champaran
b480d84d-b6d5-4ea0-b228-8c8e4f9842b0,b9de4cb7-0106-4266-88f0-b1b791435603,Purnia
eb70865b-694d-4bc4-b252-a5a8d881af5c,b9de4cb7-0106-4266-88f0-b1b791435603,Rohtas
e31697c8-22e0-4a7d-bb6a-a918539e59d5,b9de4cb7-0106-4266-88f0-b1b791435603,Saharsa
93b1fde4-3a32-4dd0-b9c4-cfeb68c27843,b9de4cb7-0106-4266-88f0-b1b791435603,Samastipur
f0efaefa-2b48-45d0-a027-ddc9dbfde569,b9de4cb7-0106-4266-88f0-b1b791435603,Saran
2c5d168e-f4a3-413e-859a-99264c80d202,b9de4cb7-0106-4266-88f0-b1b791435603,Sheikhpura
3d588af8-2480-4d3b-aef7-8b106b236ef0,b9de4cb7-0106-4266-88f0-b1b791435603,Sheohar
6cdf27cb-bfe5-4292-8ea4-0f7ed727f4f7,b9de4cb7-0106-4266-88f0-b1b791435603,Sitamarhi
0a60854d-a536-43e7-8db8-f711ef5992b5,b9de4cb7-0106-4266-88f0-b1b791435603,Siwan
541d7752-3ae0-4199-8749-c5f6853d0193,b9de4cb7-0106-4266-88f0-b1b791435603,Supaul
bce6fce9-03cc-4daa-8fd1-a1664348b269,b9de4cb7-0106-4266-88f0-b1b791435603,Vaishali
2c9f0b64-abd3-4561-8b68-e5fb92db0e54,f66df6f6-8c90-4ef8-89e6-2cb1d43eb423,Chandigarh
6c32027d-79ab-4882-8bbc-3ca87a710e4b,d4104800-8b7b-4246-8fc9-5f8ad2667f7a,Balod
639c2c53-bd2c-4b28-98f6-73e9e88a1963,d4104800-8b7b-4246-8fc9-5f8ad2667f7a,Baloda Bazar
ad1b27c0-2b8d-473f-b9a7-fb3606d2a1f4,d4104800-8b7b-4246-8fc9-5f8ad2667f7a,Balrampur
8971382f-0bed-400e-aee6-66e553bb845c,d4104800-8b7b-4246-8fc9-5f8ad2667f7a,Bastar
4e20439a-1015-416f-b5fc-c1a03bc8cc35,d4104800-8b7b-4246-8fc9-5f8ad2667f7a,Bemetara
0f42cdc6-da29-4a8d-b115-60bfc697f83d,d4104800-8b7b-4246-8fc9-5f8ad2667f7a,Bijapur
14a77058-a116-470b-ade9-157ece6fdc0f,d4104800-8b7b-4246-8fc9-5f8ad2667f7a,Bilaspur
54a87134-3909-4488-ab52-79f40e6cb133,d4104800-8b7b-4246-8fc9-5f8ad2667f7a,Dantewada
e303aa53-1fed-492d-9ff7-78b63a1806cd,d4104800-8b7b-4246-8fc9-5f8ad2667f7a,Dhamtari
78bff34d-013e-430d-afcb-2308b4a5d8c0,d4104800-8b7b-4246-8fc9-5f8ad2667f7a,Durg
a6bfb294-54bd-45d4-8d96-cfc1d867e3b0,d4104800-8b7b-4246-8fc9-5f8ad2667f7a,Gariyaband
7fe5e058-3cce-47a0-a707-afabf8498261,d4104800-8b7b-4246-8fc9-5f8ad2667f7a,Gaurella Pendra Marwahi
d128f6f1-5901-4bed-a206-001ff86823c8,d4104800-8b7b-4246-8fc9-5f8ad2667f7a,Janjgir-Champa
a4544510-9fe7-4cc2-a62e-e5e6f3dfc584,d4104800-8b7b-4246-8fc9-5f8ad2667f7a,Jashpur
834eebbe-7b6b-4371-88e1-316ab86fc38f,d4104800-8b7b-4246-8fc9-5f8ad2667f7a,Kabirdham
fa10a1d0-40eb-42ee-8cfc-fc48f6740404,d4104800-8b7b-4246-8fc9-5f8ad2667f7a,Kanker
7081e1a7-844c-496a-9f81-22d1ccd71d95,d4104800-8b7b-4246-8fc9-5f8ad2667f7a,Khairgarh Chhuikhadan Gandai
f47370c4-705a-4c77-a78e-f646af59ffe7,d4104800-8b7b-4246-8fc9-5f8ad2667f7a,Kondagaon
21cad833-2e03-4532-bf82-9d824d2f6a47,d4104800-8b7b-4246-8fc9-5f8ad2667f7a,Korba
9748a940-bbf9-443f-b15e-8e876c726ea6,d4104800-8b7b-4246-8fc9-5f8ad2667f7a,Korea
a3df86b5-5c4e-4ef8-b155-a91a6e25aa25,d4104800-8b7b-4246-8fc9-5f8ad2667f7a,Mahasamund
a8c50ac9-659b-43fd-8e96-a74853b556ed,d4104800-8b7b-4246-8fc9-5f8ad2667f7a,Manendragarh Chirimiri Bharatpur
a8d9b53e-fe9b-4cd4-a9db-6b32662bf4b8,d4104800-8b7b-4246-8fc9-5f8ad2667f7a,Mohla Manpur Ambagarh Chouki
181858d2-8a3a-483a-8ac6-9086384af5db,d4104800-8b7b-4246-8fc9-5f8ad2667f7a,Mungeli
6299f3ed-4680-44fb-9fbf-eed37aa1280c,d4104800-8b7b-4246-8fc9-5f8ad2667f7a,Narayanpur
861180f4-8148-46e2-a49d-9046d11cfbfc,d4104800-8b7b-4246-8fc9-5f8ad2667f7a,Raigarh
6129185d-155d-413b-9732-d27ead0a46b7,d4104800-8b7b-4246-8fc9-5f8ad2667f7a,Raipur
7bf32d50-32c8-422d-b84f-eae45116b441,d4104800-8b7b-4246-8fc9-5f8ad2667f7a,Rajnandgaon
af7a02f9-63e6-47ab-86cd-4595b941dffe,d4104800-8b7b-4246-8fc9-5f8ad2667f7a,Sakti
4d055aee-6dcf-44db-8ab3-3a9a4271ab92,d4104800-8b7b-4246-8fc9-5f8ad2667f7a,Sarangarh Bilaigarh
1348c759-29d8-48ec-b0a5-10d4c7c3c345,d4104800-8b7b-4246-8fc9-5f8ad2667f7a,Sukma
26d7dbf3-a7bb-4732-b53a-365c93ecc542,d4104800-8b7b-4246-8fc9-5f8ad2667f7a,Surajpur
48f8d485-6308-4af7-a94f-83af26f1e96c,d4104800-8b7b-4246-8fc9-5f8ad2667f7a,Surguja
fc0a0679-086d-4c6d-be42-ec412d463685,22e5933d-fefe-4098-80ee-46c7e37b74b2,Central
a312bf19-cf87-4a9f-bd66-963440db46fd,22e5933d-fefe-4098-80ee-46c7e37b74b2,East
6d75ff9d-8bf3-4624-9716-00cf8dd1a163,22e5933d-fefe-4098-80ee-46c7e37b74b2,New Delhi
cae48475-fda0-42fc-be55-34400a74d2fc,22e5933d-fefe-4098-80ee-46c7e37b74b2,North
1e7b2af9-ceed-43a5-a10b-dd187e13376f,22e5933d-fefe-4098-80ee-46c7e37b74b2,North East
6dd7c769-92f1-46ff-8f69-08793bff2f77,22e5933d-fefe-4098-80ee-46c7e37b74b2,North West
9724ec60-86f8-4455-92ae-5aceed088730,22e5933d-fefe-4098-80ee-46c7e37b74b2,Shahdara
85e77cd1-ea7b-4f08-92d9-f5538becdb01,22e5933d-fefe-4098-80ee-46c7e37b74b2,South
706ff5e3-7799-4c63-b11b-e65fcef6764a,22e5933d-fefe-4098-80ee-46c7e37b74b2,South East
24589d5f-41b4-4e52-ad7c-7c1432398dee,22e5933d-fefe-4098-80ee-46c7e37b74b2,South West
05eaf329-efa4-4032-869d-42985dddbb4a,22e5933d-fefe-4098-80ee-46c7e37b74b2,West
48796624-22b5-473b-8b52-f57b326807b5,ba5cafea-855b-4008-8f4a-383958fc406d,North Goa
3454ba39-a77f-44c9-8c46-43cd1060d89e,ba5cafea-855b-4008-8f4a-383958fc406d,South Goa
d674adb8-1fe5-42e5-af3e-52704c75c776,afa301bc-b8fb-4927-a047-16e8a50a22da,Ahmadabad
e416a608-89e6-4eb7-9a90-2d1b9d564138,afa301bc-b8fb-4927-a047-16e8a50a22da,Amreli
20eaa85e-a4dc-4018-912b-eebf739e30be,afa301bc-b8fb-4927-a047-16e8a50a22da,Anand
30fdea9d-8fb3-42d8-9b00-1a7beb0e006e,afa301bc-b8fb-4927-a047-16e8a50a22da,Arvalli
79950895-2b3a-4304-8132-48250b39c2e8,afa301bc-b8fb-4927-a047-16e8a50a22da,Banas Kantha
6fd449b6-b0ef-4a00-8444-23aa6edeac1a,afa301bc-b8fb-4927-a047-16e8a50a22da,Bharuch
a559b1a4-85c7-4d70-9002-47b54d6c6088,afa301bc-b8fb-4927-a047-16e8a50a22da,Bhavnagar
00714c9f-6a78-4a3a-9367-8883e90dc77e,afa301bc-b8fb-4927-a047-16e8a50a22da,Botad
adffc4ec-e5e5-436c-baa7-9bca20602cb7,afa301bc-b8fb-4927-a047-16e8a50a22da,Chhotaudepur
95c8e2c5-f1bb-4d53-adfe-d38730a87bac,afa301bc-b8fb-4927-a047-16e8a50a22da,Dang
6f4df588-c9e8-4527-ad65-86b429dd6dbc,afa301bc-b8fb-4927-a047-16e8a50a22da,Devbhumi Dwarka
a8e0a173-c8f8-4609-b2ed-0ee4a2108d80,afa301bc-b8fb-4927-a047-16e8a50a22da,Dohad
871a1983-0a0f-4b51-82e4-9114278abf7c,afa301bc-b8fb-4927-a047-16e8a50a22da,Gandhinagar
ce1da258-58cb-42bd-ada5-f8a6f6a3d828,afa301bc-b8fb-4927-a047-16e8a50a22da,Gir Somnath
62e2d297-f340-419c-bb94-d221b9a4e79a,afa301bc-b8fb-4927-a047-16e8a50a22da,Jamnagar
7653e164-8bef-4fbc-bb8c-ace26ffae903,afa301bc-b8fb-4927-a047-16e8a50a22da,Junagadh
e5095a1b-9b70-4882-b0bf-e1523137ef18,afa301bc-b8fb-4927-a047-16e8a50a22da,Kachchh
c6322996-1c6f-465e-a2b7-fe8eacde0e43,afa301bc-b8fb-4927-a047-16e8a50a22da,Kheda
cfceabc9-ae46-4759-9957-65751c1a978c,afa301bc-b8fb-4927-a047-16e8a50a22da,Mahesana
dc1263bc-65c0-448f-a3b7-112fbac9e7b5,afa301bc-b8fb-4927-a047-16e8a50a22da,Mahisagar
100f85b4-9a53-4541-8d6e-7e29f13a58f8,afa301bc-b8fb-4927-a047-16e8a50a22da,Morbi
c39d760c-0690-4c65-ab0b-1a2d5a097b95,afa301bc-b8fb-4927-a047-16e8a50a22da,Narmada
42012346-03ce-4fe4-923a-b1872265fe8a,afa301bc-b8fb-4927-a047-16e8a50a22da,Navsari
3dbc1c75-3110-4ddf-9f2a-5335740e5f74,afa301bc-b8fb-4927-a047-16e8a50a22da,Panch Mahals
b509d375-c16a-464c-a285-2a81aa5d4622,afa301bc-b8fb-4927-a047-16e8a50a22da,Patan
db08d952-ef7d-41fc-aa3f-d16479d5ecfd,afa301bc-b8fb-4927-a047-16e8a50a22da,Porbandar
3be10504-8cf5-4051-a198-5f0d9199bb2d,afa301bc-b8fb-4927-a047-16e8a50a22da,Rajkot
4ea06ae9-6209-4e2e-b8d5-687ebbc9e99a,afa301bc-b8fb-4927-a047-16e8a50a22da,Sabar Kantha
7e94eadd-55ba-4d98-a028-7d7d73c5e25d,afa301bc-b8fb-4927-a047-16e8a50a22da,Surat
b664efd9-a3e3-4630-bf17-df8f64534bc4,afa301bc-b8fb-4927-a047-16e8a50a22da,Surendranagar
882ee277-7eba-44d7-b29b-1f615112c218,afa301bc-b8fb-4927-a047-16e8a50a22da,Tapi
a61c5385-0151-46c8-bf21-8dd5db0f5c36,afa301bc-b8fb-4927-a047-16e8a50a22da,Vadodara
0c645a3b-e08c-45c7-9509-313b2f82d793,afa301bc-b8fb-4927-a047-16e8a50a22da,Valsad
2c0024e4-31a2-4f11-ae87-59447c2827ef,e076145d-4224-42fc-be2e-3600d5afab7a,Ambala
e12743d4-8569-4ff8-9b10-f7ed5edf3569,e076145d-4224-42fc-be2e-3600d5afab7a,Bhiwani
d6857e10-0500-452c-8845-8eee90a5a7c6,e076145d-4224-42fc-be2e-3600d5afab7a,Charki Dadri
cea7e120-5242-4853-b9f4-6ca26ca19c9a,e076145d-4224-42fc-be2e-3600d5afab7a,Faridabad
3648fbfb-d5d6-468e-88f1-e239e6294dea,e076145d-4224-42fc-be2e-3600d5afab7a,Fatehabad
9fe052c2-c1fa-4095-8dde-17301d8bcd18,e076145d-4224-42fc-be2e-3600d5afab7a,Gurugram
5ed70e34-e601-46e0-b5eb-ae379886351c,e076145d-4224-42fc-be2e-3600d5afab7a,Hisar
58761e57-dc3d-43be-a527-e1479f081943,e076145d-4224-42fc-be2e-3600d5afab7a,Jhajjar
4d8003d6-ff05-4c0e-aa3f-03cbb8950ba0,e076145d-4224-42fc-be2e-3600d5afab7a,Jind
38814a4c-7697-40c0-9c4a-777100eb91cc,e076145d-4224-42fc-be2e-3600d5afab7a,Kaithal
32f33b50-a219-41b1-8a80-124cc6a92306,e076145d-4224-42fc-be2e-3600d5afab7a,Karnal
17079303-4717-4f18-8d02-7f8827ab736e,e076145d-4224-42fc-be2e-3600d5afab7a,Kurukshetra
ac9b8497-1f0a-4996-8187-6f6886310194,e076145d-4224-42fc-be2e-3600d5afab7a,Mahendragarh
811e9a6d-cc24-4a23-883b-f33b809ca72a,e076145d-4224-42fc-be2e-3600d5afab7a,Nuh
ba4b751c-3236-401a-830e-d3aabb5f10f6,e076145d-4224-42fc-be2e-3600d5afab7a,Palwal
096dff4b-bdcf-4a6e-92fc-1eec746f06ac,e076145d-4224-42fc-be2e-3600d5afab7a,Panchkula
f1e9dc4e-ebdc-4624-a9ef-6392283240fb,e076145d-4224-42fc-be2e-3600d5afab7a,Panipat
5589d4bd-6fc6-4da2-9863-7786462bf005,e076145d-4224-42fc-be2e-3600d5afab7a,Rewari
a662506f-7db0-4c27-9f03-94a03a7427a9,e076145d-4224-42fc-be2e-3600d5afab7a,Rohtak
e32fdd90-a310-4b1f-9e5b-45f52e1c8d21,e076145d-4224-42fc-be2e-3600d5afab7a,Sirsa
2ecf3081-8621-4d54-8ce3-dab61e6a21ba,e076145d-4224-42fc-be2e-3600d5afab7a,Sonipat
0d707382-9d94-4503-8180-5c596e424a85,e076145d-4224-42fc-be2e-3600d5afab7a,Yamunanagar
b571b6fd-e854-4bec-815f-78f6439f35e4,1b10ae89-04ac-460f-a98a-40b97615ec66,Bilaspur
e853170a-bf74-4e80-8fcd-8badf911396e,1b10ae89-04ac-460f-a98a-40b97615ec66,Chamba
cb660dbc-b67b-49c4-8262-c304fa8161c2,1b10ae89-04ac-460f-a98a-40b97615ec66,Hamirpur
8c98d143-1bf3-41d3-a134-96d5624bdd70,1b10ae89-04ac-460f-a98a-40b97615ec66,Kangra
ce860353-a24e-4fc9-8d62-f2ba22b0b93f,1b10ae89-04ac-460f-a98a-40b97615ec66,Kinnaur
1611f81f-2498-4f41-8fdf-b2618e7e1be4,1b10ae89-04ac-460f-a98a-40b97615ec66,Kullu
c48d1148-d7a1-479d-a041-863a71e8466d,1b10ae89-04ac-460f-a98a-40b97615ec66,Lahul And Spiti
c07e9e1a-357f-4f02-90f6-2d3578fe948d,1b10ae89-04ac-460f-a98a-40b97615ec66,Mandi
18c8f553-64d8-4273-b914-a0255e3c762b,1b10ae89-04ac-460f-a98a-40b97615ec66,Shimla
dbee103b-87db-4def-a1f6-6cf45f516e6c,1b10ae89-04ac-460f-a98a-40b97615ec66,Sirmaur
fe70a987-150b-410f-a2f1-e1e99cadc6eb,1b10ae89-04ac-460f-a98a-40b97615ec66,Solan
93dfa068-5e93-44d5-a7ff-7f7dde678f80,1b10ae89-04ac-460f-a98a-40b97615ec66,Una
1db6f532-d8b9-4ab0-919a-52493054edaa,38bcb835-462d-4bb7-a804-bd2e398985a0,Anantnag
4e3f2040-33f0-411c-946d-c81bb2cc2d45,38bcb835-462d-4bb7-a804-bd2e398985a0,Bandipora
2f6acaef-f1bd-476f-a630-926b869dab40,38bcb835-462d-4bb7-a804-bd2e398985a0,Baramulla
029d5e14-ba7c-4617-86d2-19cf95ab413f,38bcb835-462d-4bb7-a804-bd2e398985a0,Budgam
4af4e148-2203-4eba-8bac-050f4695d0d4,38bcb835-462d-4bb7-a804-bd2e398985a0,Doda
60c4d39f-b381-4738-b61d-ff486150aeef,38bcb835-462d-4bb7-a804-bd2e398985a0,Ganderbal
5e486a00-e373-488f-ab76-71cc326898c7,38bcb835-462d-4bb7-a804-bd2e398985a0,Jammu
6b5269a6-6b1b-43dd-bc54-4a36090dd442,38bcb835-462d-4bb7-a804-bd2e398985a0,Kathua
d2484905-06fa-404e-b489-618172bf5fbf,38bcb835-462d-4bb7-a804-bd2e398985a0,Kishtwar
2e283cf9-e4a6-4f75-bae2-b7ac4ef778ba,38bcb835-462d-4bb7-a804-bd2e398985a0,Kulgam
5a3cce93-7ab2-4b00-8fed-8fafa8fccb5c,38bcb835-462d-4bb7-a804-bd2e398985a0,Kupwara
10ca437a-b292-40b8-b85c-80d4162804c9,38bcb835-462d-4bb7-a804-bd2e398985a0,Poonch
4ec9cf97-6f99-4b03-96f0-a2ad180d0fe0,38bcb835-462d-4bb7-a804-bd2e398985a0,Pulwama
f9bea744-22a6-4387-932f-875e58bbf697,38bcb835-462d-4bb7-a804-bd2e398985a0,Rajouri
dc173c56-ef65-4501-9675-a13de3158b28,38bcb835-462d-4bb7-a804-bd2e398985a0,Ramban
2a4d5eed-562e-4672-a3a8-bd930e4d56f5,38bcb835-462d-4bb7-a804-bd2e398985a0,Reasi
d724e93c-d0a7-45a3-bec2-f0e7d70737f4,38bcb835-462d-4bb7-a804-bd2e398985a0,Samba
e9ac6734-ee99-405a-8a3b-921f27e02a7e,38bcb835-462d-4bb7-a804-bd2e398985a0,Shopian
f053e83d-db24-4d63-9dbe-90e8a2ea3aa2,38bcb835-462d-4bb7-a804-bd2e398985a0,Srinagar
5acdda5a-6a1d-4fc7-af1a-83f055fc643f,38bcb835-462d-4bb7-a804-bd2e398985a0,Udhampur
9d494fa9-f5a1-4c82-975b-31db4ed40204,6b329f41-db37-49bd-a6d9-211f2ac5f795,Bokaro
e7d8dd76-738f-44f5-9aa3-0691297fc4e6,6b329f41-db37-49bd-a6d9-211f2ac5f795,Chatra
d094cfcd-1054-47ed-94f4-0494fbb97175,6b329f41-db37-49bd-a6d9-211f2ac5f795,Deoghar
8490b53d-6584-4ec1-b427-ed6b3ca711df,6b329f41-db37-49bd-a6d9-211f2ac5f795,Dhanbad
a214e7b1-74d9-4121-bfab-57e23aac47df,6b329f41-db37-49bd-a6d9-211f2ac5f795,Dumka
40cb0845-bad5-4f4b-93a8-c00bc651a309,6b329f41-db37-49bd-a6d9-211f2ac5f795,East Singhbum
e816620b-d53a-433d-880d-d671a2e3ace3,6b329f41-db37-49bd-a6d9-211f2ac5f795,Garhwa
7298a605-e49b-4602-bb05-79474271bebd,6b329f41-db37-49bd-a6d9-211f2ac5f795,Giridih
e423b941-e081-46f5-bf4f-281e8eec62ab,6b329f41-db37-49bd-a6d9-211f2ac5f795,Godda
72472890-6cdc-4738-bdc4-c2ae40325c1b,6b329f41-db37-49bd-a6d9-211f2ac5f795,Gumla
e2b516e2-5f88-4ba6-956d-4412e813538a,6b329f41-db37-49bd-a6d9-211f2ac5f795,Hazaribagh
eb696371-9388-4490-a631-b951588ab4be,6b329f41-db37-49bd-a6d9-211f2ac5f795,Jamtara
7ea9966e-2723-48d0-8d4a-56bbf2aad84e,6b329f41-db37-49bd-a6d9-211f2ac5f795,Khunti
bdfbc86b-f26b-4493-b9cc-95aa9aaf4204,6b329f41-db37-49bd-a6d9-211f2ac5f795,Koderma
6ffa435f-a525-4a29-a55f-1c6deff72469,6b329f41-db37-49bd-a6d9-211f2ac5f795,Latehar
3c740ff0-da9c-4182-8093-5594bfe25c7d,6b329f41-db37-49bd-a6d9-211f2ac5f795,Lohardaga
d692e22c-3232-433c-a181-4c67380f405b,6b329f41-db37-49bd-a6d9-211f2ac5f795,Pakur
831aafbe-fed9-46ba-a7b3-6302a191ffd1,6b329f41-db37-49bd-a6d9-211f2ac5f795,Palamu
b45aa2a5-a669-437b-b8e3-d218a2ed6408,6b329f41-db37-49bd-a6d9-211f2ac5f795,Ramgarh
ef77f90b-e7c0-4516-8f19-8ffa2b4e5a13,6b329f41-db37-49bd-a6d9-211f2ac5f795,Ranchi
7134e623-4a7c-438c-8b17-a4666161daf7,6b329f41-db37-49bd-a6d9-211f2ac5f795,Sahebganj
d31dfe38-081b-499e-94a4-d31fa73ca101,6b329f41-db37-49bd-a6d9-211f2ac5f795,Saraikela Kharsawan
51266922-5188-4374-8292-a9f8ff62a28d,6b329f41-db37-49bd-a6d9-211f2ac5f795,Simdega
1bdf4837-7cd5-47d7-8341-77ace7310570,6b329f41-db37-49bd-a6d9-211f2ac5f795,West Singhbhum
1ac1ac1f-2770-48f0-8a81-743ca5cd769a,7f9d1beb-75b7-44a0-ac06-fb3ad29042ac,Bagalkote
7ed6be65-c33f-4443-b8d0-0163e45e122f,7f9d1beb-75b7-44a0-ac06-fb3ad29042ac,Ballari
78a2ff54-f7a8-45c8-83dc-ea0143213f8f,7f9d1beb-75b7-44a0-ac06-fb3ad29042ac,Belagavi
85cf5b55-700b-4ef7-880a-361957d57403,7f9d1beb-75b7-44a0-ac06-fb3ad29042ac,Bengaluru Rural
df8f6cce-370f-4028-a3e2-ee8a2767eee6,7f9d1beb-75b7-44a0-ac06-fb3ad29042ac,Bengaluru Urban
42980115-4a42-4328-817e-5eba03f5ee08,7f9d1beb-75b7-44a0-ac06-fb3ad29042ac,Bidar
6f34e938-d8c9-4d2a-984f-0bb05c12d7b2,7f9d1beb-75b7-44a0-ac06-fb3ad29042ac,Chamarajanagara
67a11115-b3c3-4f28-be4c-56b519199782,7f9d1beb-75b7-44a0-ac06-fb3ad29042ac,Chikkaballapura
f122e168-f044-4b59-ae2b-b43f4f9cae9d,7f9d1beb-75b7-44a0-ac06-fb3ad29042ac,Chikkamagaluru
ebef568b-679a-4380-af60-57811b42a9b2,7f9d1beb-75b7-44a0-ac06-fb3ad29042ac,Chitradurga
67b128fe-18c4-4f22-854d-0423e46a1ef8,7f9d1beb-75b7-44a0-ac06-fb3ad29042ac,Dakshina Kannada
1e1b56d9-fd10-4014-b44b-b6ccce6ea937,7f9d1beb-75b7-44a0-ac06-fb3ad29042ac,Davangere
823f34bf-80e5-47a7-aa52-fb3c1a38ee38,7f9d1beb-75b7-44a0-ac06-fb3ad29042ac,Dharwad
4fc2ea33-8bd0-4555-b08b-fc12a6d674c0,7f9d1beb-75b7-44a0-ac06-fb3ad29042ac,Gadag
b7391ef3-3c78-4104-bf38-3eafb052ae0f,7f9d1beb-75b7-44a0-ac06-fb3ad29042ac,Hassan
bc48ab40-c44e-49ff-8463-0f0fd130a044,7f9d1beb-75b7-44a0-ac06-fb3ad29042ac,Haveri
5c45e671-84fb-4cda-a7c7-97316c9ea4ba,7f9d1beb-75b7-44a0-ac06-fb3ad29042ac,Kalaburagi
2a68b0fd-684d-45be-a126-069156242624,7f9d1beb-75b7-44a0-ac06-fb3ad29042ac,Kodagu
74afe45a-6bb5-42dd-88b5-f018d2d0f69e,7f9d1beb-75b7-44a0-ac06-fb3ad29042ac,Kolar
c7bca8cf-6110-4166-b387-9acfd3d35a93,7f9d1beb-75b7-44a0-ac06-fb3ad29042ac,Koppal
42cd4e30-b18c-46c0-af8e-f5f183a1255e,7f9d1beb-75b7-44a0-ac06-fb3ad29042ac,Mandya
b32f41d1-0d46-4253-b2ae-90ccb95f9b72,7f9d1beb-75b7-44a0-ac06-fb3ad29042ac,Mysuru
b7137db8-de2f-4fa5-894d-6745f1412fbc,7f9d1beb-75b7-44a0-ac06-fb3ad29042ac,Raichuru
31c38ed5-561e-47dc-9414-3b58fe5124dc,7f9d1beb-75b7-44a0-ac06-fb3ad29042ac,Ramanagara
e4334025-7b12-4240-9d26-4957c3457424,7f9d1beb-75b7-44a0-ac06-fb3ad29042ac,Shivamogga
0233cd15-6276-4010-8e4d-05f8533763f4,7f9d1beb-75b7-44a0-ac06-fb3ad29042ac,Tumakuru
158a93e6-2f1a-4849-bcb5-10e97f9eedde,7f9d1beb-75b7-44a0-ac06-fb3ad29042ac,Udupi
4cd41d0f-937a-47fb-984b-e6ebc13b21a1,7f9d1beb-75b7-44a0-ac06-fb3ad29042ac,Uttara Kannada
61e94deb-959e-4bbc-99c0-276b2f8e91a5,7f9d1beb-75b7-44a0-ac06-fb3ad29042ac,Vijayanagar
aa1c0b41-19cb-497f-83f5-bf4825de740e,7f9d1beb-75b7-44a0-ac06-fb3ad29042ac,Vijayapura
17035e17-f3f5-4a7e-b8e6-6653d75db43b,7f9d1beb-75b7-44a0-ac06-fb3ad29042ac,Yadgir
be27116f-574f-4ae3-b9ca-02bb25bdf8d4,4a148464-dbba-469c-82f6-44d3ec24fd8c,Alappuzha
3718b570-a6bb-44aa-8e30-ff332dd46b79,4a148464-dbba-469c-82f6-44d3ec24fd8c,Ernakulam
4634eb0a-37ef-4387-b0da-faa6ad8ecd76,4a148464-dbba-469c-82f6-44d3ec24fd8c,Idukki
c121a96b-f948-450c-a356-141a0ea152bf,4a148464-dbba-469c-82f6-44d3ec24fd8c,Kannur
97ccff97-817c-4a4d-885d-3ad0f99f02c5,4a148464-dbba-469c-82f6-44d3ec24fd8c,Kasaragod
75a42b86-ac0c-4110-b01a-f66b5226c75e,4a148464-dbba-469c-82f6-44d3ec24fd8c,Kollam
8aca2222-960e-41d4-96a4-6ba0a167964a,4a148464-dbba-469c-82f6-44d3ec24fd8c,Kottayam
cc83de58-f9cd-4b88-bec7-bd50b9f6e56c,4a148464-dbba-469c-82f6-44d3ec24fd8c,Kozhikode
a903cc38-54d4-4ffa-a4e9-71e36b337829,4a148464-dbba-469c-82f6-44d3ec24fd8c,Malappuram
a15d8b81-ff69-4613-93ee-a5f8d6cb9532,4a148464-dbba-469c-82f6-44d3ec24fd8c,Palakkad
2e16c646-453c-41ab-a796-a09bc4fe9c89,4a148464-dbba-469c-82f6-44d3ec24fd8c,Pathanamthitta
4273f2ce-55f6-4649-8773-4d952a4ad4a0,4a148464-dbba-469c-82f6-44d3ec24fd8c,Thiruvananthapuram
b41671df-9b33-4a3f-89e6-afbc6ff306ae,4a148464-dbba-469c-82f6-44d3ec24fd8c,Thrissur
82da7ef4-f619-4aa3-8662-d6cd325cae69,4a148464-dbba-469c-82f6-44d3ec24fd8c,Wayanad
72007759-a521-4c0d-b6dc-bac71d0d5ac6,21e9b89a-b5ce-4793-bf19-53cd59949ce8,Kargil
e41fccc7-60ac-4bb7-ae88-b35a286bbffb,21e9b89a-b5ce-4793-bf19-53cd59949ce8,Leh Ladakh
0f59a440-5776-4d1e-97c4-a93a36db666b,4fdc0293-d3b4-4079-a651-633422360a65,Lakshadweep District
dc36bdae-5e2d-466f-b70d-56abe1a017cb,a7084865-6f6a-48a2-a332-9a77182ba9f3,Agar Malwa
0bd5abad-379f-4315-b54f-ed1308c9037b,a7084865-6f6a-48a2-a332-9a77182ba9f3,Alirajpur
1c51b504-b411-44e1-8dcc-29fc1d9db5b4,a7084865-6f6a-48a2-a332-9a77182ba9f3,Anuppur
31c79281-81db-4bde-bb14-b8509371931a,a7084865-6f6a-48a2-a332-9a77182ba9f3,Ashoknagar
7d8a61e3-d08f-4732-a6f3-c834d7ea42a7,a7084865-6f6a-48a2-a332-9a77182ba9f3,Balaghat
68aef59f-7c55-404c-afbd-5f13ba7f16ea,a7084865-6f6a-48a2-a332-9a77182ba9f3,Barwani
1fd6dc24-5381-40e5-9a37-acc32940a022,a7084865-6f6a-48a2-a332-9a77182ba9f3,Betul
f9309c74-91ee-41ba-9bfc-50f8ea994c7d,a7084865-6f6a-48a2-a332-9a77182ba9f3,Bhind
e04ba654-5045-4a3a-ac31-61b2acaad52d,a7084865-6f6a-48a2-a332-9a77182ba9f3,Bhopal
94cc74d0-8509-448c-8a30-394a7c295fbf,a7084865-6f6a-48a2-a332-9a77182ba9f3,Burhanpur
c05ca697-393c-43fc-a0f4-be904f589f51,a7084865-6f6a-48a2-a332-9a77182ba9f3,Chhatarpur
3164a263-9e9e-4b2c-b6f6-980aad78de70,a7084865-6f6a-48a2-a332-9a77182ba9f3,Chhindwara
eebf1c07-857e-424f-bfdc-db9e63e360d3,a7084865-6f6a-48a2-a332-9a77182ba9f3,Damoh
6014cc1d-69e0-4e7d-9383-725805b7231a,a7084865-6f6a-48a2-a332-9a77182ba9f3,Datia
be06c5ab-fc43-47dc-8d2c-e5cafa83c2f1,a7084865-6f6a-48a2-a332-9a77182ba9f3,Dewas
b6313e71-2663-4bdc-9847-5a05ed8c5113,a7084865-6f6a-48a2-a332-9a77182ba9f3,Dhar
d5eb8c4f-7c64-45e1-94c0-b4bde55dfacc,a7084865-6f6a-48a2-a332-9a77182ba9f3,Dindori
07bfdf39-0e6f-44fc-b485-121c03579dac,a7084865-6f6a-48a2-a332-9a77182ba9f3,East Nimar
b5cdcb3c-0175-4aec-af8c-dfec7b7fcb10,a7084865-6f6a-48a2-a332-9a77182ba9f3,Guna
d80ff42e-a014-4e3e-9406-e3cad058e721,a7084865-6f6a-48a2-a332-9a77182ba9f3,Gwalior
7633bd9e-9fb4-45d9-ba8f-014d0d08400a,a7084865-6f6a-48a2-a332-9a77182ba9f3,Harda
1c11587c-537d-40fb-944a-8d8e73ce1ddc,a7084865-6f6a-48a2-a332-9a77182ba9f3,Indore
88a439fc-1220-4862-b72d-c2e96212a8ae,a7084865-6f6a-48a2-a332-9a77182ba9f3,Jabalpur
bc4adcf2-0712-442a-8e42-246fe725763a,a7084865-6f6a-48a2-a332-9a77182ba9f3,Jhabua
6c933a77-478a-475d-ba0c-5b18fae8e198,a7084865-6f6a-48a2-a332-9a77182ba9f3,Katni
3da6f33b-358b-4046-b215-2f6fc91826e0,a7084865-6f6a-48a2-a332-9a77182ba9f3,Khargone
e276875a-36e6-4116-b179-e9e44c873ca6,a7084865-6f6a-48a2-a332-9a77182ba9f3,Mandla
d85bf598-e81e-4d3d-a5c6-a18e58cfb50c,a7084865-6f6a-48a2-a332-9a77182ba9f3,Mandsaur
7bdb55dd-9d0a-4d71-a885-57f957c40910,a7084865-6f6a-48a2-a332-9a77182ba9f3,Morena
05c78478-234d-4aa0-a2f4-b8467a90252c,a7084865-6f6a-48a2-a332-9a77182ba9f3,Narmadapuram
0d7dc398-6ac1-4cb2-ad3f-91b4c8564d07,a7084865-6f6a-48a2-a332-9a77182ba9f3,Narsinghpur
8c35af32-5327-415a-b96a-d79ea9317ec3,a7084865-6f6a-48a2-a332-9a77182ba9f3,Neemuch
083bc4c5-1855-449c-b25e-bb134ed2368a,a7084865-6f6a-48a2-a332-9a77182ba9f3,Niwari
6ece9afb-06a8-4790-b92a-735bf056e708,a7084865-6f6a-48a2-a332-9a77182ba9f3,Panna
d5793c6d-bbd2-4600-85c4-ee5db0f9650f,a7084865-6f6a-48a2-a332-9a77182ba9f3,Raisen
c52dfc62-4ec2-43ae-8500-eb16fa7af646,a7084865-6f6a-48a2-a332-9a77182ba9f3,Rajgarh
8ae39238-8813-4cd9-92b9-b6b529325540,a7084865-6f6a-48a2-a332-9a77182ba9f3,Ratlam
7f417c8f-85c4-42d7-99ba-4bcd350c3fe1,a7084865-6f6a-48a2-a332-9a77182ba9f3,Rewa
2e58329a-ae11-4cac-a881-2ecd969d37c5,a7084865-6f6a-48a2-a332-9a77182ba9f3,Sagar
b7f0af1d-e01d-4b13-8290-c83e6419ebef,a7084865-6f6a-48a2-a332-9a77182ba9f3,Satna
a9043650-670d-43f0-acf4-b129b07521aa,a7084865-6f6a-48a2-a332-9a77182ba9f3,Sehore
c472a0d5-b575-4cca-8140-4f1085300c07,a7084865-6f6a-48a2-a332-9a77182ba9f3,Seoni
819f4e0b-9bc3-4f4d-95d6-39d05d333bfa,a7084865-6f6a-48a2-a332-9a77182ba9f3,Shahdol
6c17d54a-6148-4c68-b205-ed3211586974,a7084865-6f6a-48a2-a332-9a77182ba9f3,Shajapur
e78fe27f-a254-462f-80e7-3a58fe9594d8,a7084865-6f6a-48a2-a332-9a77182ba9f3,Sheopur
730cbe7f-bf32-4215-befa-176fbed02ba2,a7084865-6f6a-48a2-a332-9a77182ba9f3,Shivpuri
8762ef18-f288-4e2b-98c9-cc2594328f22,a7084865-6f6a-48a2-a332-9a77182ba9f3,Sidhi
e2c5315c-d283-4aca-a897-7abd1eabe605,a7084865-6f6a-48a2-a332-9a77182ba9f3,Singrauli
93131f66-afe7-4696-8d35-0c46655ff244,a7084865-6f6a-48a2-a332-9a77182ba9f3,Tikamgarh
26f3dc1f-81f1-4bf0-97f5-08ce20647c5f,a7084865-6f6a-48a2-a332-9a77182ba9f3,Ujjain
101492b5-5014-40f7-a840-c905dbd14bdb,a7084865-6f6a-48a2-a332-9a77182ba9f3,Umaria
733fa849-1b3a-42c1-83f4-ab5c5d36e9e6,a7084865-6f6a-48a2-a332-9a77182ba9f3,Vidisha
bf073a37-f4c7-4a1e-985c-7f9c511acc36,c752ed46-ec25-402e-a3db-6f55655fba6c,Ahmednagar
ce543593-c063-405f-a31c-7ffcdde68302,c752ed46-ec25-402e-a3db-6f55655fba6c,Akola
a43c3092-8e67-4183-b51c-a16e8ad42b4e,c752ed46-ec25-402e-a3db-6f55655fba6c,Amravati
ec0b441d-9f95-4573-b8ad-e017685cd909,c752ed46-ec25-402e-a3db-6f55655fba6c,Aurangabad
045abc43-03bc-4600-97dd-c699c0ef7563,c752ed46-ec25-402e-a3db-6f55655fba6c,Beed
69188db4-4825-4c35-9ea8-26bd92660b35,c752ed46-ec25-402e-a3db-6f55655fba6c,Bhandara
cc2db12f-c431-45fd-bde0-dd36d66dcd65,c752ed46-ec25-402e-a3db-6f55655fba6c,Buldhana
b0a12d69-5d4d-4a4e-8759-9e8b41355f47,c752ed46-ec25-402e-a3db-6f55655fba6c,Chandrapur
94ebb5af-3cc8-4b3d-b2e2-53531754db91,c752ed46-ec25-402e-a3db-6f55655fba6c,Dhule
eda52f57-12c6-487c-9170-6c6ab1fc59e8,c752ed46-ec25-402e-a3db-6f55655fba6c,Gadchiroli
337b96ac-3ffe-48d7-9cf5-232fce3acf21,c752ed46-ec25-402e-a3db-6f55655fba6c,Gondia
cd9cc406-b8ac-474f-9128-003d033d8581,c752ed46-ec25-402e-a3db-6f55655fba6c,Hingoli
dc8ef96f-350b-438a-8729-db6f69518bc5,c752ed46-ec25-402e-a3db-6f55655fba6c,Jalgaon
2512191a-e555-49bd-b6dc-bf2c33121066,c752ed46-ec25-402e-a3db-6f55655fba6c,Jalna
84f8f1bc-73c5-4b48-8d60-89bdd68b4abe,c752ed46-ec25-402e-a3db-6f55655fba6c,Kolhapur
b16e51dd-c010-46e6-9426-e0ed589f7856,c752ed46-ec25-402e-a3db-6f55655fba6c,Latur
67849445-84f2-4ee8-81cd-17c9501be7fa,c752ed46-ec25-402e-a3db-6f55655fba6c,Mumbai
72a8bd6c-c173-4430-89ee-a0fb51527da3,c752ed46-ec25-402e-a3db-6f55655fba6c,Mumbai Suburban
f7571744-fc41-4730-8912-05315e2fdf6f,c752ed46-ec25-402e-a3db-6f55655fba6c,Nagpur
2284a68b-527d-40e1-a9bc-69351b95f756,c752ed46-ec25-402e-a3db-6f55655fba6c,Nanded
028356ef-e8e4-4719-993e-827bd9aa330f,c752ed46-ec25-402e-a3db-6f55655fba6c,Nandurbar
d8da91dc-7975-4980-85c8-1e790eed3bd0,c752ed46-ec25-402e-a3db-6f55655fba6c,Nashik
e69b3693-792d-47f4-a05f-cc5fed9a0896,c752ed46-ec25-402e-a3db-6f55655fba6c,Osmanabad
b966d180-f599-4c83-8b4d-80ccdab84943,c752ed46-ec25-402e-a3db-6f55655fba6c,Palghar
8ff0b7cc-692c-48e1-8179-20c535a42240,c752ed46-ec25-402e-a3db-6f55655fba6c,Parbhani
6b2751d5-0af7-471d-82a7-b26fbb5ff77a,c752ed46-ec25-402e-a3db-6f55655fba6c,Pune
83738ed8-ad0f-4da4-8d57-a3f34e46649f,c752ed46-ec25-402e-a3db-6f55655fba6c,Raigad
1da93163-619c-4ad9-9bef-a5f97e8ed1d5,c752ed46-ec25-402e-a3db-6f55655fba6c,Ratnagiri
b1473822-16d1-412d-a0df-125794c96c46,c752ed46-ec25-402e-a3db-6f55655fba6c,Sangli
0fbe7acf-b4cb-44c1-b02a-ebd93a0d5c0b,c752ed46-ec25-402e-a3db-6f55655fba6c,Satara
069ddb5d-aee9-431e-8384-01dd6437b86b,c752ed46-ec25-402e-a3db-6f55655fba6c,Sindhudurg
f9892d72-663a-4344-82fa-604660de98bf,c752ed46-ec25-402e-a3db-6f55655fba6c,Solapur
684dca6a-d38e-4219-9427-7e97fd7931d7,c752ed46-ec25-402e-a3db-6f55655fba6c,Thane
a6bef9b5-8ecc-43bc-aa12-55c62667ecfa,c752ed46-ec25-402e-a3db-6f55655fba6c,Wardha
15bee5bf-4cab-4cd1-965f-f3984da2e858,c752ed46-ec25-402e-a3db-6f55655fba6c,Washim
47dae5ae-effe-4283-8ae2-1bbfa23f464a,c752ed46-ec25-402e-a3db-6f55655fba6c,Yavatmal
7a52da1b-28e1-4e51-a907-f9780add94f3,e96a7eb1-f673-462a-996e-dc43f4bdb53e,Bishnupur
c2e6be4a-6019-415d-8aca-841880d18c7f,e96a7eb1-f673-462a-996e-dc43f4bdb53e,Chandel
566766c2-bdc7-486f-8032-872bc6347ce9,e96a7eb1-f673-462a-996e-dc43f4bdb53e,Churachandpur
f9b864e4-d549-4852-8724-35fc3e5940b7,e96a7eb1-f673-462a-996e-dc43f4bdb53e,Imphal East
f9769bc3-cbb4-4069-b393-26ee22b300f4,e96a7eb1-f673-462a-996e-dc43f4bdb53e,Imphal West
4efc1245-6d69-434d-9931-cb26f3dbaa45,e96a7eb1-f673-462a-996e-dc43f4bdb53e,Jiribam
704669fe-c05f-4736-8fc8-6acf7121e071,e96a7eb1-f673-462a-996e-dc43f4bdb53e,Kakching
a1c54cd3-94d4-4d6d-a82c-2723550bef3c,e96a7eb1-f673-462a-996e-dc43f4bdb53e,Kamjong
52f46bde-0973-473c-82b2-b99e20ac8c86,e96a7eb1-f673-462a-996e-dc43f4bdb53e,Kangpokpi
530b7de9-88f3-4abe-bfb7-11669a1a2639,e96a7eb1-f673-462a-996e-dc43f4bdb53e,Noney
b39f75b5-a532-4a5b-a0f3-713985a35b94,e96a7eb1-f673-462a-996e-dc43f4bdb53e,Pherzawl
861c9d19-1fd1-43cc-b776-ddd5e87cb289,e96a7eb1-f673-462a-996e-dc43f4bdb53e,Senapati
c26ae536-e077-48a7-b5e1-85c2a7baf8aa,e96a7eb1-f673-462a-996e-dc43f4bdb53e,Tamenglong
77bccecd-7711-437b-946e-15d8ff115d32,e96a7eb1-f673-462a-996e-dc43f4bdb53e,Tengnoupal
c001ca82-cb7a-44ee-90d8-60185fbf197a,e96a7eb1-f673-462a-996e-dc43f4bdb53e,Thoubal
f8febf3e-a9cb-4070-a91f-88f91e42b492,e96a7eb1-f673-462a-996e-dc43f4bdb53e,Ukhrul
1ad910e8-0e83-4e6c-b306-b30b79acb2ca,73b826dc-d88e-4f10-9f4b-42f24d26fe27,Eastern West Khasi Hills
7c39b98c-b414-453a-9aa1-09178416653d,73b826dc-d88e-4f10-9f4b-42f24d26fe27,East Garo Hills
4e8befb4-b158-457b-b0fb-7204f279e6d6,73b826dc-d88e-4f10-9f4b-42f24d26fe27,East Jaintia Hills
96952fc8-774a-4f07-8d8d-205abd755191,73b826dc-d88e-4f10-9f4b-42f24d26fe27,East Khasi Hills
3bebb1f2-68bb-48a7-9ea6-00e52179ebc2,73b826dc-d88e-4f10-9f4b-42f24d26fe27,North Garo Hills
d4fae864-a3a5-4bfa-ac53-f29539a734da,73b826dc-d88e-4f10-9f4b-42f24d26fe27,Ri Bhoi
f685133f-0432-465e-8c07-3b7f41f534d2,73b826dc-d88e-4f10-9f4b-42f24d26fe27,South Garo Hills
2e8294be-9274-4ea3-9f5a-4de055d12b5d,73b826dc-d88e-4f10-9f4b-42f24d26fe27,South West Garo Hills
12a00faa-7ea1-4d4b-9465-8eac7f42b8a7,73b826dc-d88e-4f10-9f4b-42f24d26fe27,South West Khasi Hills
16bbed7a-9296-471d-a1c6-4fee4eff340b,73b826dc-d88e-4f10-9f4b-42f24d26fe27,West Garo Hills
549a66ff-a60e-4c4c-a47f-b8276787b9fd,73b826dc-d88e-4f10-9f4b-42f24d26fe27,West Jaintia Hills
e0fb893a-164d-473d-b49d-dfb4949db5f8,73b826dc-d88e-4f10-9f4b-42f24d26fe27,West Khasi Hills
a338c728-d326-4a96-a1c9-532615d98fe9,65f5a7e1-ad2d-4d86-95ea-4cd1f5d375a5,Aizawl
acb0dda6-81e3-4d72-b70a-743bd2a755a8,65f5a7e1-ad2d-4d86-95ea-4cd1f5d375a5,Champhai
c1a6d88b-0330-49fe-90de-5f16e5899266,65f5a7e1-ad2d-4d86-95ea-4cd1f5d375a5,Hnahthial
863c0cd9-155c-4e92-be08-993ab9b5ca9a,65f5a7e1-ad2d-4d86-95ea-4cd1f5d375a5,Khawzawl
1ec14bc5-807a-45b9-a7c2-e8a4569a2a19,65f5a7e1-ad2d-4d86-95ea-4cd1f5d375a5,Kolasib
d58943cf-cc0d-4484-88bf-e71cf8d884be,65f5a7e1-ad2d-4d86-95ea-4cd1f5d375a5,Lawngtlai
430a34a5-b715-4d2d-8e4a-940facd21edd,65f5a7e1-ad2d-4d86-95ea-4cd1f5d375a5,Lunglei
856a34ee-92fa-4baa-81e4-8643a4c06ce6,65f5a7e1-ad2d-4d86-95ea-4cd1f5d375a5,Mamit
0e2b73a9-c6c9-4d57-b4c6-276b142f65c4,65f5a7e1-ad2d-4d86-95ea-4cd1f5d375a5,Saiha
f594d65e-24e6-4ba0-861f-bc70570d9cb6,65f5a7e1-ad2d-4d86-95ea-4cd1f5d375a5,Saitual
fc1c48d7-4667-421b-8695-4e24306fdbbd,65f5a7e1-ad2d-4d86-95ea-4cd1f5d375a5,Serchhip
b59b9e95-1af1-425a-90f0-1cc3d03546b0,cddc5a70-cf8b-4e8d-a003-02b5008cfae8,Chumoukedima
dc881be5-75e8-4d9c-b5ec-c45726e4dd6e,cddc5a70-cf8b-4e8d-a003-02b5008cfae8,Dimapur
f4000bc9-e6c9-4688-9bfe-cc38ab046036,cddc5a70-cf8b-4e8d-a003-02b5008cfae8,Kiphire
fb59f0b5-8ea6-431d-a483-0135ae0c5b02,cddc5a70-cf8b-4e8d-a003-02b5008cfae8,Kohima
9176faa1-9a99-4e72-a46f-2c0a3a41bcd7,cddc5a70-cf8b-4e8d-a003-02b5008cfae8,Longleng
73669ad3-fa62-4630-a216-3f3b2bfe169c,cddc5a70-cf8b-4e8d-a003-02b5008cfae8,Mokokchung
5b7e39c1-ab12-4046-b6ab-fe52fde49f79,cddc5a70-cf8b-4e8d-a003-02b5008cfae8,Mon
71835650-6071-48b4-ac64-6bf98132455c,cddc5a70-cf8b-4e8d-a003-02b5008cfae8,Noklak
1e41408c-7a0f-452c-9c97-79c01930b4ea,cddc5a70-cf8b-4e8d-a003-02b5008cfae8,Peren
953c9fa8-15cd-42b1-a911-d9cc1c8f4be9,cddc5a70-cf8b-4e8d-a003-02b5008cfae8,Phek
939327c2-4856-468c-8f8f-82975a5d1231,cddc5a70-cf8b-4e8d-a003-02b5008cfae8,Tseminyu
90ab0362-2745-47d4-b787-d1259e8786da,cddc5a70-cf8b-4e8d-a003-02b5008cfae8,Tuensang
db587323-61fe-47a0-94bf-02365e039829,cddc5a70-cf8b-4e8d-a003-02b5008cfae8,Wokha
80518c33-54bd-4c54-b6bc-067f282e79a1,cddc5a70-cf8b-4e8d-a003-02b5008cfae8,Zunheboto
f9c30c8f-136c-46d0-a600-f5c5203ea7eb,5e24480a-f4da-43c3-a7df-f74bb87772c2,Anugul
af5a7ab0-b231-4480-a3a6-f0dca2a489b6,5e24480a-f4da-43c3-a7df-f74bb87772c2,Balangir
4fe9a793-d763-4bb7-b4ea-9b64eb8b8f93,5e24480a-f4da-43c3-a7df-f74bb87772c2,Baleshwar
b755d4bd-69c6-4584-aa24-72acd470ab98,5e24480a-f4da-43c3-a7df-f74bb87772c2,Bargarh
9b95063e-25a4-4f49-b495-f83eff88abc5,5e24480a-f4da-43c3-a7df-f74bb87772c2,Bhadrak
de6cc4c1-5e8d-4f71-a21f-339caeb5ed95,5e24480a-f4da-43c3-a7df-f74bb87772c2,Boudh
b0e47ec6-ab62-4f20-9962-147af8b49d50,5e24480a-f4da-43c3-a7df-f74bb87772c2,Cuttack
f8e31661-72db-4ca0-8463-d13d0e4f4481,5e24480a-f4da-43c3-a7df-f74bb87772c2,Deogarh
6c0c297c-5b39-47a5-9311-ca56ce2c9bbe,5e24480a-f4da-43c3-a7df-f74bb87772c2,Dhenkanal
ade3fbc5-9947-4146-ae27-9ebc6f6fc4d4,5e24480a-f4da-43c3-a7df-f74bb87772c2,Gajapati
502edcf3-248a-4262-a7da-4e954020171e,5e24480a-f4da-43c3-a7df-f74bb87772c2,Ganjam
77058629-545c-4fb9-b3c0-bc03e261b24d,5e24480a-f4da-43c3-a7df-f74bb87772c2,Jagatsinghapur
fc1ec529-fad3-4c62-b064-10d7b6962405,5e24480a-f4da-43c3-a7df-f74bb87772c2,Jajapur
41311520-271c-4d96-81a3-f7336e72b6b9,5e24480a-f4da-43c3-a7df-f74bb87772c2,Jharsuguda
9a0af7ae-91ae-4ac2-9e6f-ccc4beb4fece,5e24480a-f4da-43c3-a7df-f74bb87772c2,Kalahandi
47a3969b-26d6-416d-8947-36cbc6bcf872,5e24480a-f4da-43c3-a7df-f74bb87772c2,Kandhamal
32c518a7-6f4c-41ca-b453-51be71425c93,5e24480a-f4da-43c3-a7df-f74bb87772c2,Kendrapara
e0af2bf7-0250-4dec-a9d9-859f6d25fa34,5e24480a-f4da-43c3-a7df-f74bb87772c2,Kendujhar
4c6a4c59-b919-4597-820a-5005e1d2d2eb,5e24480a-f4da-43c3-a7df-f74bb87772c2,Khordha
0a179b54-3dc0-46b1-98bb-607de1e142d5,5e24480a-f4da-43c3-a7df-f74bb87772c2,Koraput
9717d13b-b880-4e88-b512-1f208f9eb93a,5e24480a-f4da-43c3-a7df-f74bb87772c2,Malkangiri
4058291e-13ba-4df3-a652-6fb01c63e4d4,5e24480a-f4da-43c3-a7df-f74bb87772c2,Mayurbhanj
1f3ef777-7e07-4334-911b-a8e62a6b6efd,5e24480a-f4da-43c3-a7df-f74bb87772c2,Nabarangpur
88ea9b91-d892-41d0-84b7-9bd2937c0f92,5e24480a-f4da-43c3-a7df-f74bb87772c2,Nayagarh
a9628c24-c5ff-4b67-b132-d2c9142e97cb,5e24480a-f4da-43c3-a7df-f74bb87772c2,Nuapada
ce6721aa-ef9d-445d-9ce6-78c8efeafc73,5e24480a-f4da-43c3-a7df-f74bb87772c2,Puri
861919c3-8d8e-4f7d-871b-0ec0e88aa4b1,5e24480a-f4da-43c3-a7df-f74bb87772c2,Rayagada
fd4dd96e-f74b-4a1c-9cde-bfbe93fbf305,5e24480a-f4da-43c3-a7df-f74bb87772c2,Sambalpur
90830964-7378-4847-a909-65467ee0a377,5e24480a-f4da-43c3-a7df-f74bb87772c2,Sonepur
a0c15e82-50c2-4a27-85a7-83d4dc9273b2,5e24480a-f4da-43c3-a7df-f74bb87772c2,Sundargarh
c2046ba4-f16c-489c-8d2c-6fdd94f03b57,81630edf-800e-40ae-ac23-3cc04a5e4ba4,Karaikal
c9c54c0a-84af-473f-8e48-e125c088ba4f,81630edf-800e-40ae-ac23-3cc04a5e4ba4,Mahe
5056d132-7cfe-40c7-a969-b33b2862bd6f,81630edf-800e-40ae-ac23-3cc04a5e4ba4,Pondicherry
b756f89b-892b-4eb8-b7fd-ee88f1f79b3d,81630edf-800e-40ae-ac23-3cc04a5e4ba4,Yanam
f0938406-0f20-4f56-b83f-c3f31479fe1d,7d65ec7b-797d-4ea3-826c-c370538563c8,Amritsar
989f8ebc-99bb-438b-9594-091c3dd5e421,7d65ec7b-797d-4ea3-826c-c370538563c8,Barnala
8ce02449-ee7c-4336-bad1-848e61235b85,7d65ec7b-797d-4ea3-826c-c370538563c8,Bathinda
15620a00-9fe2-49a2-9fb9-a7abaa5bec32,7d65ec7b-797d-4ea3-826c-c370538563c8,Faridkot
5a3d583e-e9c0-48ba-b299-c3278fa95296,7d65ec7b-797d-4ea3-826c-c370538563c8,Fatehgarh Sahib
e2e892bd-891c-4f0d-b973-4273229b50ae,7d65ec7b-797d-4ea3-826c-c370538563c8,Fazilka
841c75d0-a09e-4765-9c93-c42eb754c24f,7d65ec7b-797d-4ea3-826c-c370538563c8,Ferozepur
b5529481-ccdc-46d6-9aa9-b734c4900bca,7d65ec7b-797d-4ea3-826c-c370538563c8,Gurdaspur
5b9523c0-2497-4978-859e-8eb10e99d653,7d65ec7b-797d-4ea3-826c-c370538563c8,Hoshiarpur
585bdcdf-3e87-43db-905f-37666afe6d22,7d65ec7b-797d-4ea3-826c-c370538563c8,Jalandhar
deb0f688-827c-4a57-a947-ec252a7715d5,7d65ec7b-797d-4ea3-826c-c370538563c8,Kapurthala
74bd5518-70de-4db8-8e15-e21c04cf0f99,7d65ec7b-797d-4ea3-826c-c370538563c8,Ludhiana
0eff60b7-e6b9-4663-908e-c2d825e79604,7d65ec7b-797d-4ea3-826c-c370538563c8,Malerkotla
bbb99a39-4142-40f1-a3e2-830db0d2154b,7d65ec7b-797d-4ea3-826c-c370538563c8,Mansa
222d1723-fd86-4da5-890b-f858cea4d133,7d65ec7b-797d-4ea3-826c-c370538563c8,Moga
6a5872b0-6ad1-4a9b-b800-71d975e18aaa,7d65ec7b-797d-4ea3-826c-c370538563c8,Pathankot
66960ad7-be05-4b43-99db-41742d3f638a,7d65ec7b-797d-4ea3-826c-c370538563c8,Patiala
48ea5eec-3fe7-4b6d-932d-2c44cdd0c867,7d65ec7b-797d-4ea3-826c-c370538563c8,Rupnagar
adebb0de-1986-4612-8d0b-21b66859ce3d,7d65ec7b-797d-4ea3-826c-c370538563c8,Sangrur
8b92e1aa-9e9e-4aa8-992a-64ecf5873732,7d65ec7b-797d-4ea3-826c-c370538563c8,S.A.S Nagar
c0473755-0aef-41b5-b8a6-3b9cdd3654f2,7d65ec7b-797d-4ea3-826c-c370538563c8,Shahid Bhagat Singh Nagar
da8c9674-5a75-46f3-b288-b6c3e7e55a8b,7d65ec7b-797d-4ea3-826c-c370538563c8,Sri Muktsar Sahib
955427af-2fd1-4664-94f0-2603a7311d9f,7d65ec7b-797d-4ea3-826c-c370538563c8,Tarn Taran
29c1cfb3-26b6-47e3-a0c8-d42a6c3a4dc2,fc1959de-9609-4540-9c2b-df564ecae17d,Ajmer
631bcd7a-2291-49f9-9028-7ee9756f3a3f,fc1959de-9609-4540-9c2b-df564ecae17d,Alwar
3e6d7ca8-6281-44e3-94fe-b17b31754266,fc1959de-9609-4540-9c2b-df564ecae17d,Banswara
073e5bc0-99b5-442b-b732-a95bf290dc9e,fc1959de-9609-4540-9c2b-df564ecae17d,Baran
0b0b792e-aff4-47b6-8e19-856ae46a9ea2,fc1959de-9609-4540-9c2b-df564ecae17d,Barmer
fd1d0670-2ceb-4b7c-a944-a3222624af25,fc1959de-9609-4540-9c2b-df564ecae17d,Bharatpur
5a2c4e1b-a6de-418b-ab37-33d3eced9054,fc1959de-9609-4540-9c2b-df564ecae17d,Bhilwara
8a6b86db-0aa3-413f-bbea-455042015f1a,fc1959de-9609-4540-9c2b-df564ecae17d,Bikaner
240f1975-e969-4fa0-8258-b4169c9a0052,fc1959de-9609-4540-9c2b-df564ecae17d,Bundi
b52f82c5-262e-4dfd-88a4-b01c208b4b35,fc1959de-9609-4540-9c2b-df564ecae17d,Chittorgarh
2a5387bf-a340-476f-8473-1e68070c71e1,fc1959de-9609-4540-9c2b-df564ecae17d,Churu
a8a86472-8c4e-4429-a353-4a7ce3baf3c3,fc1959de-9609-4540-9c2b-df564ecae17d,Dausa
8be0de0f-3427-409a-9821-7b5fe5b4f312,fc1959de-9609-4540-9c2b-df564ecae17d,Dholpur
175d947d-12d1-4d13-8e93-698bf473c959,fc1959de-9609-4540-9c2b-df564ecae17d,Dungarpur
aa0ab213-2ad5-47c8-ab30-ebed8fd20076,fc1959de-9609-4540-9c2b-df564ecae17d,Ganganagar
b20b2e51-ea98-44af-8a7a-d54787c02e44,fc1959de-9609-4540-9c2b-df564ecae17d,Hanumangarh
c6738a0c-0b40-4d1a-a70f-d16489c57b2b,fc1959de-9609-4540-9c2b-df564ecae17d,Jaipur
c49a7c14-ab7d-4eb6-86d0-c9fb3a889326,fc1959de-9609-4540-9c2b-df564ecae17d,Jaisalmer
5062e184-6988-420e-8f6b-3d2bbd16b95a,fc1959de-9609-4540-9c2b-df564ecae17d,Jalore
a1e5bbf7-4447-4bf7-bbdb-96a0073cb876,fc1959de-9609-4540-9c2b-df564ecae17d,Jhalawar
9e0663d1-0151-4d12-9bf6-8cf194a48a5b,fc1959de-9609-4540-9c2b-df564ecae17d,Jhunjhunu
e325eac6-e694-463a-9ff2-3205ea6e8071,fc1959de-9609-4540-9c2b-df564ecae17d,Jodhpur
3148eced-1476-4d13-b072-d3d946cd2df9,fc1959de-9609-4540-9c2b-df564ecae17d,Karauli
e4c5cff2-77c8-4913-ae5f-e183758a09ae,fc1959de-9609-4540-9c2b-df564ecae17d,Kota
6850557c-0009-4f58-9d89-3db1f72a19da,fc1959de-9609-4540-9c2b-df564ecae17d,Nagaur
7d484c2b-862c-46f0-bd46-f1c8f0ac51c2,fc1959de-9609-4540-9c2b-df564ecae17d,Pali
eaaf99d8-3f2d-4aef-9d90-a4a5f1381e73,fc1959de-9609-4540-9c2b-df564ecae17d,Pratapgarh
93768523-b39c-47b5-af35-4910d1d7d13e,fc1959de-9609-4540-9c2b-df564ecae17d,Rajsamand
58eb039e-2548-4003-95ba-a0ca7cfd9b23,fc1959de-9609-4540-9c2b-df564ecae17d,Sawai Madhopur
da68da70-d96c-4ac3-95ca-c62651c03639,fc1959de-9609-4540-9c2b-df564ecae17d,Sikar
2322fe4f-e33c-4cfd-bfd3-e5f6bb05d592,fc1959de-9609-4540-9c2b-df564ecae17d,Sirohi
78f83a76-25f7-4b91-9e1a-27f0fb31c9a8,fc1959de-9609-4540-9c2b-df564ecae17d,Tonk
244f7b78-95e7-42ed-abb7-e7af2ad14023,fc1959de-9609-4540-9c2b-df564ecae17d,Udaipur
5bd6af21-c121-48a7-aec6-f54a6c0e66c5,8bb69b3d-1a87-4394-8365-16f6cb2f7928,Gangtok
fc0a9c55-81d8-4fe9-b684-2a863dcc344a,8bb69b3d-1a87-4394-8365-16f6cb2f7928,Gyalshing
0dba4274-a74f-4bed-bef3-5839557d7dd9,8bb69b3d-1a87-4394-8365-16f6cb2f7928,Mangan
49b453a5-bdfb-49eb-b4cd-784c712b874b,8bb69b3d-1a87-4394-8365-16f6cb2f7928,Namchi
8004b264-25fb-4c6c-b7c7-2196964b3b6d,8bb69b3d-1a87-4394-8365-16f6cb2f7928,Pakyong
789ad7fc-cdb0-4994-8799-a7f2343253e7,8bb69b3d-1a87-4394-8365-16f6cb2f7928,Soreng
fabe50d2-80c5-43f9-8fe7-eb9069821610,f203405a-2180-40a1-8c33-15256292b0e2,Ariyalur
abd5226c-2620-4cba-958c-d0975806a53f,f203405a-2180-40a1-8c33-15256292b0e2,Chengalpattu
dc228b0d-0fa7-4cd0-9882-248c20bf6a13,f203405a-2180-40a1-8c33-15256292b0e2,Chennai
454b822c-3e50-4eeb-9645-b4fed8ab185c,f203405a-2180-40a1-8c33-15256292b0e2,Coimbatore
7ad43ade-b133-4b67-9b40-601f25e93759,f203405a-2180-40a1-8c33-15256292b0e2,Cuddalore
76784723-58a8-4fc4-b56b-94873b3c0541,f203405a-2180-40a1-8c33-15256292b0e2,Dharmapuri
b86d1a51-ec1f-489a-a95e-025d4ba34fe8,f203405a-2180-40a1-8c33-15256292b0e2,Dindigul
7501767d-dcc5-4ed6-8c31-20897a4a12c7,f203405a-2180-40a1-8c33-15256292b0e2,Erode
0eb91bb7-14da-4e9f-92a9-f69d54eeec6d,f203405a-2180-40a1-8c33-15256292b0e2,Kallakurichi
7170c55e-6bab-4362-9e6d-5016781784de,f203405a-2180-40a1-8c33-15256292b0e2,Kanchipuram
0f5fcb95-1d96-4530-b436-6ab9cabe89bf,f203405a-2180-40a1-8c33-15256292b0e2,Kanniyakumari
aea65a34-c127-424a-a48a-6ec646742f23,f203405a-2180-40a1-8c33-15256292b0e2,Karur
652a8ec5-4b14-4ee6-abe7-487c6f74cfeb,f203405a-2180-40a1-8c33-15256292b0e2,Krishnagiri
28e779bc-03d8-4d1b-92fe-ae76b9a71725,f203405a-2180-40a1-8c33-15256292b0e2,Madurai
876a4b1e-3d63-4d87-8493-06e393b5c234,f203405a-2180-40a1-8c33-15256292b0e2,Mayiladuthurai
227dd13c-7a70-41e0-9659-b396d993cd14,f203405a-2180-40a1-8c33-15256292b0e2,Nagapattinam
28713b32-89f6-4ec0-9753-d2d42e778e06,f203405a-2180-40a1-8c33-15256292b0e2,Namakkal
9c6bf98c-c3d5-4d43-86f9-9fe21269ee65,f203405a-2180-40a1-8c33-15256292b0e2,Perambalur
c223179f-34d3-4c59-a4e9-a098ec7997bc,f203405a-2180-40a1-8c33-15256292b0e2,Pudukkottai
98a69c7e-259e-4424-a380-a8c06e56f81b,f203405a-2180-40a1-8c33-15256292b0e2,Ramanathapuram
c13f1d1b-9172-417c-b5b4-6786ecb32747,f203405a-2180-40a1-8c33-15256292b0e2,Ranipet
b8829f19-3729-4219-840b-58295fc7a3e0,f203405a-2180-40a1-8c33-15256292b0e2,Salem
bca7f8b8-7422-4883-b58d-6b31b870ce2c,f203405a-2180-40a1-8c33-15256292b0e2,Sivaganga
11fc67f6-ad8b-4be4-92c8-b806cc1492c0,f203405a-2180-40a1-8c33-15256292b0e2,Tenkasi
e045a899-c92d-4b20-ac4f-5dc378fc9305,f203405a-2180-40a1-8c33-15256292b0e2,Thanjavur
a5f3e6cb-2f15-4df3-8283-758b404c546b,f203405a-2180-40a1-8c33-15256292b0e2,Theni
ac9d40f4-07b0-4722-8402-b0090550a6f2,f203405a-2180-40a1-8c33-15256292b0e2,The Nilgiris
560feaf6-60df-4f08-8dba-906389231b87,f203405a-2180-40a1-8c33-15256292b0e2,Thiruvallur
2cd4a376-1044-48a1-ae2a-e0d819c02615,f203405a-2180-40a1-8c33-15256292b0e2,Thiruvarur
1992f137-bc7a-4f98-be36-91446d9f9bbf,f203405a-2180-40a1-8c33-15256292b0e2,Tiruchirappalli
691323c7-3727-4cf9-abbb-5e1f2d8c4777,f203405a-2180-40a1-8c33-15256292b0e2,Tirunelveli
68eb246b-8686-4543-8c19-06c945fed909,f203405a-2180-40a1-8c33-15256292b0e2,Tirupathur
48990608-616a-4f5c-a738-8fe9c755254f,f203405a-2180-40a1-8c33-15256292b0e2,Tiruppur
4cbd5932-6464-48aa-92de-4e4e160af196,f203405a-2180-40a1-8c33-15256292b0e2,Tiruvannamalai
ddc681b2-d16b-4a6b-9f72-6d8785a90fa4,f203405a-2180-40a1-8c33-15256292b0e2,Tuticorin
311bf300-0f34-4455-8024-a3ccdbb672ad,f203405a-2180-40a1-8c33-15256292b0e2,Vellore
ad971213-c9c3-4491-a24a-1abc76dd3061,f203405a-2180-40a1-8c33-15256292b0e2,Villupuram
9f9b5f32-159f-432e-82ad-a95d986c6c2d,f203405a-2180-40a1-8c33-15256292b0e2,Virudhunagar
4ead38ad-09a8-4b36-bdc3-9b86b03f2ccf,2888719b-51d7-4ee0-ab6c-6ff19295fa31,Adilabad
3779800a-70c6-4f16-bccb-beb0c4be799e,2888719b-51d7-4ee0-ab6c-6ff19295fa31,Bhadradri Kothagudem
50dbba91-2235-4f0d-9717-0969ff595211,2888719b-51d7-4ee0-ab6c-6ff19295fa31,Hanumakonda
b2980ff9-5e5b-47ae-b321-d77e168d7673,2888719b-51d7-4ee0-ab6c-6ff19295fa31,Hyderabad
bcde107b-0a5f-422d-a0cc-690211e51bd1,2888719b-51d7-4ee0-ab6c-6ff19295fa31,Jagitial
67937f8c-f918-4fd3-b017-5a035e24f255,2888719b-51d7-4ee0-ab6c-6ff19295fa31,Jangoan
3edf13da-25b1-4ad5-8247-187f9fcb924a,2888719b-51d7-4ee0-ab6c-6ff19295fa31,Jayashankar Bhupalapally
26d05abb-c95a-4cac-b6c3-f98cc86a334c,2888719b-51d7-4ee0-ab6c-6ff19295fa31,Jogulamba Gadwal
63862b41-6348-450c-8ec8-13cdeb6360a1,2888719b-51d7-4ee0-ab6c-6ff19295fa31,Kamareddy
1784b5a2-3f55-4d9b-a034-8e4efb68dba3,2888719b-51d7-4ee0-ab6c-6ff19295fa31,Karimnagar
1fb39d1b-0d4b-427e-b3b5-14f014e2e07a,2888719b-51d7-4ee0-ab6c-6ff19295fa31,Khammam
8402dfde-2758-4993-b368-5fd70b1a24c3,2888719b-51d7-4ee0-ab6c-6ff19295fa31,Kumuram Bheem Asifabad
82d4855d-9649-44de-aa0b-68945a4ab212,2888719b-51d7-4ee0-ab6c-6ff19295fa31,Mahabubabad
d3920c88-b252-46b2-a003-90f7326afd28,2888719b-51d7-4ee0-ab6c-6ff19295fa31,Mahabubnagar
9c9ef567-4b81-4e07-a37e-09ad9fddb3fe,2888719b-51d7-4ee0-ab6c-6ff19295fa31,Mancherial
0ec4afeb-a1a1-49e3-a080-b7a775d7f2c7,2888719b-51d7-4ee0-ab6c-6ff19295fa31,Medak
07333bab-bd6a-435c-9a6f-f1290a01189e,2888719b-51d7-4ee0-ab6c-6ff19295fa31,Medchal Malkajgiri
b495ed4d-06a0-4c3a-81da-fc0077bdb5e6,2888719b-51d7-4ee0-ab6c-6ff19295fa31,Mulugu
37876c36-03be-454c-87a5-b407ceb6a702,2888719b-51d7-4ee0-ab6c-6ff19295fa31,Nagarkurnool
523b94aa-3cd5-4460-ab2d-e65c513a416f,2888719b-51d7-4ee0-ab6c-6ff19295fa31,Nalgonda
7c8f6631-b374-4849-ab91-95c88d3e15aa,2888719b-51d7-4ee0-ab6c-6ff19295fa31,Narayanpet
aedbc467-bf16-416b-9c5c-0554d377a6c7,2888719b-51d7-4ee0-ab6c-6ff19295fa31,Nirmal
3fe20822-b1c3-46e0-91f8-b08d6d1d79c2,2888719b-51d7-4ee0-ab6c-6ff19295fa31,Nizamabad
023629b6-121b-46a1-92ea-f9fca306ce42,2888719b-51d7-4ee0-ab6c-6ff19295fa31,Peddapalli
98f3d744-fe25-4c9a-82cc-17b92cb25e38,2888719b-51d7-4ee0-ab6c-6ff19295fa31,Rajanna Sircilla
30218ab5-f3d3-4278-a54f-6b0799ac93de,2888719b-51d7-4ee0-ab6c-6ff19295fa31,Ranga Reddy
834dc20a-d63f-4811-bb63-38b888eaf011,2888719b-51d7-4ee0-ab6c-6ff19295fa31,Sangareddy
8b8264b5-a408-4bb2-9d15-cf9f58ff6700,2888719b-51d7-4ee0-ab6c-6ff19295fa31,Siddipet
bee4e54f-47fd-4a91-9f33-b2780a0df423,2888719b-51d7-4ee0-ab6c-6ff19295fa31,Suryapet
557a6373-1bf5-4ba1-badd-202ce63d9187,2888719b-51d7-4ee0-ab6c-6ff19295fa31,Vikarabad
d1d8b5c0-712b-4475-9901-9d8d0e9a5346,2888719b-51d7-4ee0-ab6c-6ff19295fa31,Wanaparthy
60450a62-b972-4c81-97be-c4c85bcaae48,2888719b-51d7-4ee0-ab6c-6ff19295fa31,Warangal
fb07dadb-b73c-4fbd-afec-589d12307256,2888719b-51d7-4ee0-ab6c-6ff19295fa31,Yadadri Bhuvanagiri
ca2996a2-307f-4fff-bfb7-bbda8df9222f,ab9adc85-6abb-4ba6-98ac-b06500b5aa0e,Dadra And Nagar Haveli
349ebe0e-819c-4a1f-b168-389a6015abc8,ab9adc85-6abb-4ba6-98ac-b06500b5aa0e,Daman
5dd75765-1cb6-4419-9793-5a869a8ed45b,ab9adc85-6abb-4ba6-98ac-b06500b5aa0e,Diu
3a094a6a-d031-4fe3-9e5a-4ca303a010b7,68f44fc2-208e-4fbd-a6bd-3afd0b035198,Dhalai
abf4f7f6-3326-4bac-ac76-b84e28dc2d00,68f44fc2-208e-4fbd-a6bd-3afd0b035198,Gomati
2617c7d6-43fd-41be-b8b3-4f9552fafcd5,68f44fc2-208e-4fbd-a6bd-3afd0b035198,Khowai
7e7c0916-56bc-480b-acab-31b3bcc0a7ae,68f44fc2-208e-4fbd-a6bd-3afd0b035198,North Tripura
1fd84e4e-e97e-4861-a471-084d66cb2d14,68f44fc2-208e-4fbd-a6bd-3afd0b035198,Sepahijala
181feca7-bfd3-459d-82e0-c0ec46cbfb43,68f44fc2-208e-4fbd-a6bd-3afd0b035198,South Tripura
f1bd8be7-78ed-4e7f-be7c-0eab4b7c3f2f,68f44fc2-208e-4fbd-a6bd-3afd0b035198,Unakoti
326c4e65-0b74-4d69-b430-390829d5b7cc,68f44fc2-208e-4fbd-a6bd-3afd0b035198,West Tripura
52a7add4-70d5-4df5-83c2-dcec3f8dc978,4c97eb44-8094-40ec-a5ef-c9938d269641,Almora
2ccc57f4-0741-4a94-a7be-5291ae27576a,4c97eb44-8094-40ec-a5ef-c9938d269641,Bageshwar
ec6f9c15-0845-413c-9fe9-b16700b7dfcb,4c97eb44-8094-40ec-a5ef-c9938d269641,Chamoli
071ed38f-ed6c-454a-8b1f-c6917b2080d8,4c97eb44-8094-40ec-a5ef-c9938d269641,Champawat
82d8711b-ac60-434c-9928-2f5fa3cf527e,4c97eb44-8094-40ec-a5ef-c9938d269641,Dehradun
83364d53-bd1a-4ae6-95d0-91af8b01cb99,4c97eb44-8094-40ec-a5ef-c9938d269641,Haridwar
ab545111-e254-48a1-a81d-8074ff053b41,4c97eb44-8094-40ec-a5ef-c9938d269641,Nainital
1df14113-5eed-4771-8131-22f333ca259d,4c97eb44-8094-40ec-a5ef-c9938d269641,Pauri Garhwal
c0045798-cd4e-40d2-9af8-2b2481680bb1,4c97eb44-8094-40ec-a5ef-c9938d269641,Pithoragarh
71d50281-524f-44b8-8c8d-0970c8cbd75a,4c97eb44-8094-40ec-a5ef-c9938d269641,Rudra Prayag
7a69c7fa-4a9d-4ab3-b4e0-715a1527a510,4c97eb44-8094-40ec-a5ef-c9938d269641,Tehri Garhwal
293600a9-e120-4275-ada5-560ba83ff2d7,4c97eb44-8094-40ec-a5ef-c9938d269641,Udam Singh Nagar
98fea5b2-bd20-4aa0-a196-4208d7f960a9,4c97eb44-8094-40ec-a5ef-c9938d269641,Uttar Kashi
bf77e8f1-9cd7-4d1e-b371-de54b53e344f,23903a7c-fe2a-466a-affe-dd5289bc5c83,Agra
9be2e254-19ce-455e-bc72-b749f170cf52,23903a7c-fe2a-466a-affe-dd5289bc5c83,Aligarh
2e2827db-b129-49d5-bf72-99f416e32614,23903a7c-fe2a-466a-affe-dd5289bc5c83,Ambedkar Nagar
f4fd4ce9-1f1f-465c-b613-54186396a7d5,23903a7c-fe2a-466a-affe-dd5289bc5c83,Amethi
caad3f7f-068a-4e46-96d9-50701cf15374,23903a7c-fe2a-466a-affe-dd5289bc5c83,Amroha
65510a02-a00b-4bdd-ac1d-bd853a2d453a,23903a7c-fe2a-466a-affe-dd5289bc5c83,Auraiya
aa24bb10-81b2-4b56-ab8c-c549853c94a9,23903a7c-fe2a-466a-affe-dd5289bc5c83,Ayodhya
ccdbe8da-5262-4d75-9ce4-2e4bfa04282a,23903a7c-fe2a-466a-affe-dd5289bc5c83,Azamgarh
170684de-96b1-42ac-91b2-25694fe41943,23903a7c-fe2a-466a-affe-dd5289bc5c83,Baghpat
b5acbb5f-d82b-48f8-b28b-b319e9330087,23903a7c-fe2a-466a-affe-dd5289bc5c83,Bahraich
ddac7846-6d31-4d90-b6f7-0e25188e5348,23903a7c-fe2a-466a-affe-dd5289bc5c83,Ballia
a80431e5-c8d9-47b1-9ef8-2f21d6c48a06,23903a7c-fe2a-466a-affe-dd5289bc5c83,Balrampur
0901a086-7ea2-4d36-87c9-1ae41ddebb45,23903a7c-fe2a-466a-affe-dd5289bc5c83,Banda
8920f5cd-17ed-4395-9b19-a3d0996cbbb5,23903a7c-fe2a-466a-affe-dd5289bc5c83,Barabanki
22eaa7e9-a5f4-4e66-9b04-089379aab0ca,23903a7c-fe2a-466a-affe-dd5289bc5c83,Bareilly
56e42a91-4959-4d34-b6e7-e236f9513d1a,23903a7c-fe2a-466a-affe-dd5289bc5c83,Basti
b02d9ee8-ead4-4729-be7b-8791ff630002,23903a7c-fe2a-466a-affe-dd5289bc5c83,Bhadohi
86415ab4-d8a5-4cd6-a214-854f9057f3c4,23903a7c-fe2a-466a-affe-dd5289bc5c83,Bijnor
3350fac6-d10e-4f67-936a-d2c0795d735a,23903a7c-fe2a-466a-affe-dd5289bc5c83,Budaun
899066ab-9dd2-4f9e-94b6-d0256c36857e,23903a7c-fe2a-466a-affe-dd5289bc5c83,Bulandshahr
7e221683-ad2f-424d-86aa-52511e69cdb4,23903a7c-fe2a-466a-affe-dd5289bc5c83,Chandauli
6f64a8f6-d177-4bc9-b1b3-2bff729ac1a2,23903a7c-fe2a-466a-affe-dd5289bc5c83,Chitrakoot
d06884d6-21fa-458e-9f4b-bad9f9c5ee49,23903a7c-fe2a-466a-affe-dd5289bc5c83,Deoria
4696b1db-3cde-4d20-a905-eb209ce4fe4a,23903a7c-fe2a-466a-affe-dd5289bc5c83,Etah
5494df19-77ce-482e-8fe7-343585efc021,23903a7c-fe2a-466a-affe-dd5289bc5c83,Etawah
1dabcf60-acd4-4dc5-bcd3-9db9a0d43938,23903a7c-fe2a-466a-affe-dd5289bc5c83,Farrukhabad
fbe195c7-9220-45c5-a063-49b5db73dd1e,23903a7c-fe2a-466a-affe-dd5289bc5c83,Fatehpur
e0ebff2f-68f9-4196-bfbf-189178a08933,23903a7c-fe2a-466a-affe-dd5289bc5c83,Firozabad
80c32d0a-d2ea-4327-aa24-4ec315f4d61f,23903a7c-fe2a-466a-affe-dd5289bc5c83,Gautam Buddha Nagar
0517d78c-0600-49bc-950c-8115a8270e5e,23903a7c-fe2a-466a-affe-dd5289bc5c83,Ghaziabad
aa94c858-f1c1-4b40-ae7f-2c2594fbe61d,23903a7c-fe2a-466a-affe-dd5289bc5c83,Ghazipur
1dea45b5-7f55-4bcc-9836-fddf3aac341c,23903a7c-fe2a-466a-affe-dd5289bc5c83,Gonda
1afc4015-f4be-492c-864d-3bf1fd2c3939,23903a7c-fe2a-466a-affe-dd5289bc5c83,Gorakhpur
042cbd87-efc2-4e67-b96e-d29e41df1164,23903a7c-fe2a-466a-affe-dd5289bc5c83,Hamirpur
a656bedb-df65-4fb9-b654-6ad24609ea86,23903a7c-fe2a-466a-affe-dd5289bc5c83,Hapur
c936acdd-3fb7-40c5-8597-8e8f068b949f,23903a7c-fe2a-466a-affe-dd5289bc5c83,Hardoi
32f4c609-31ed-464b-821d-a58b739146e0,23903a7c-fe2a-466a-affe-dd5289bc5c83,Hathras
c245118f-7ed0-4331-a684-6f21c38b38eb,23903a7c-fe2a-466a-affe-dd5289bc5c83,Jalaun
7a6ab980-0270-4f0d-b4db-bf1870ef5e06,23903a7c-fe2a-466a-affe-dd5289bc5c83,Jaunpur
19c9b393-416d-473d-9d7a-f55710fd97d8,23903a7c-fe2a-466a-affe-dd5289bc5c83,Jhansi
7b50f586-3612-4839-b4cc-7ea5b2e90788,23903a7c-fe2a-466a-affe-dd5289bc5c83,Kannauj
b6d9338e-8381-4ee7-ad2d-82e43a3b26d3,23903a7c-fe2a-466a-affe-dd5289bc5c83,Kanpur Dehat
438ff307-3e7c-4c75-b488-291a097bf0bb,23903a7c-fe2a-466a-affe-dd5289bc5c83,Kanpur Nagar
0e9c5fc0-b05c-4806-8ed8-ed140d09da04,23903a7c-fe2a-466a-affe-dd5289bc5c83,Kasganj
a4b5fabb-a2bd-4484-b11a-2366fafd33a7,23903a7c-fe2a-466a-affe-dd5289bc5c83,Kaushambi
25b74b27-2f67-4216-ac2b-c5ae051ce2d8,23903a7c-fe2a-466a-affe-dd5289bc5c83,Kheri
bbd845d7-36f8-44c9-9dc1-367d29b47043,23903a7c-fe2a-466a-affe-dd5289bc5c83,Kushi Nagar
82ab9518-5f88-483d-a030-9db68c1a9d5a,23903a7c-fe2a-466a-affe-dd5289bc5c83,Lalitpur
37d9456e-ee14-4cb2-ab1c-6cd88568898e,23903a7c-fe2a-466a-affe-dd5289bc5c83,Lucknow
0cb28bfa-5b46-4b2a-be14-eafb93c8b4ec,23903a7c-fe2a-466a-affe-dd5289bc5c83,Maharajganj
fd493ab8-e2e1-47c7-8887-56fab888dde3,23903a7c-fe2a-466a-affe-dd5289bc5c83,Mahoba
275ef153-d9ac-401a-9046-43e6466cb594,23903a7c-fe2a-466a-affe-dd5289bc5c83,Mainpuri
2cc6e458-2897-4a9a-b20e-8252e6aee295,23903a7c-fe2a-466a-affe-dd5289bc5c83,Mathura
4bd6ea6e-7df6-4e6b-8f11-f9c9169bf8ca,23903a7c-fe2a-466a-affe-dd5289bc5c83,Mau
090414f6-3a34-4a99-bac9-ceecdf05cf1b,23903a7c-fe2a-466a-affe-dd5289bc5c83,Meerut
53a9b3b4-9d54-43ba-a004-e8dd49eaecf3,23903a7c-fe2a-466a-affe-dd5289bc5c83,Mirzapur
18f0257e-c4fb-4aa5-97bc-22db42c61a6e,23903a7c-fe2a-466a-affe-dd5289bc5c83,Moradabad
da2e90a2-a282-477d-8c7d-3636181d1bda,23903a7c-fe2a-466a-affe-dd5289bc5c83,Muzaffarnagar
29fe08f9-e922-4de1-8ad5-ca40e4507ff6,23903a7c-fe2a-466a-affe-dd5289bc5c83,Pilibhit
25af5543-d2e2-4544-b904-b4ad218aeaf6,23903a7c-fe2a-466a-affe-dd5289bc5c83,Pratapgarh
e40791f6-0ab1-46e7-bdd7-d000ade1dd34,23903a7c-fe2a-466a-affe-dd5289bc5c83,Prayagraj
2ead3259-928e-44c4-93d8-842f21949dbe,23903a7c-fe2a-466a-affe-dd5289bc5c83,Rae Bareli
34519b53-b620-4680-8c0c-54d949a2596b,23903a7c-fe2a-466a-affe-dd5289bc5c83,Rampur
5909cfbf-e26d-4b06-b08e-18a9a494884c,23903a7c-fe2a-466a-affe-dd5289bc5c83,Saharanpur
57f19c3e-6e13-4792-9bb3-c1f4fe4f5673,23903a7c-fe2a-466a-affe-dd5289bc5c83,Sambhal
1114e31c-dae7-4fb2-812b-58f427e919f7,23903a7c-fe2a-466a-affe-dd5289bc5c83,Sant Kabeer Nagar
590e053f-2563-4043-a0b6-5e27c376713b,23903a7c-fe2a-466a-affe-dd5289bc5c83,Shahjahanpur
56ccbf0a-7cf0-4a18-af35-d19bd8e6e0d4,23903a7c-fe2a-466a-affe-dd5289bc5c83,Shamli
95bf9aa2-c268-47f4-8d41-c85b89b8fe8d,23903a7c-fe2a-466a-affe-dd5289bc5c83,Shravasti
a592b62a-14b1-4c71-b932-55b9c657c142,23903a7c-fe2a-466a-affe-dd5289bc5c83,Siddharth Nagar
45fe2d65-2086-4712-9074-5cdda737a07a,23903a7c-fe2a-466a-affe-dd5289bc5c83,Sitapur
80278b28-3457-4119-835e-c70047a98e12,23903a7c-fe2a-466a-affe-dd5289bc5c83,Sonbhadra
03ce86fd-eae7-4083-b9a8-7b62a56f4295,23903a7c-fe2a-466a-affe-dd5289bc5c83,Sultanpur
327de94b-4afd-4cf3-a665-c6e3c78ff3ec,23903a7c-fe2a-466a-affe-dd5289bc5c83,Unnao
c4a28b8e-6d78-44b0-9cbf-969d22a4043e,23903a7c-fe2a-466a-affe-dd5289bc5c83,Varanasi
facb757a-012f-45a3-bfd1-be0170365d9a,4f29f067-44d7-4e05-9080-b05f47ca9717,24 Paraganas North
6abdb70a-b030-47c9-903f-65559f4f6113,4f29f067-44d7-4e05-9080-b05f47ca9717,24 Paraganas South
7da81907-9e6f-47d1-830b-8f46da8cb9a3,4f29f067-44d7-4e05-9080-b05f47ca9717,Alipurduar
6d63d1d8-4bb8-44a2-a20a-644f95b84d24,4f29f067-44d7-4e05-9080-b05f47ca9717,Bankura
2596374a-72a8-45de-8c9b-c23ac36837aa,4f29f067-44d7-4e05-9080-b05f47ca9717,Birbhum
4ffd642f-a79f-4fad-852e-4102eeb20596,4f29f067-44d7-4e05-9080-b05f47ca9717,Coochbehar
fb23f7f1-fa16-47e5-aaa6-5a8c2d54b9af,4f29f067-44d7-4e05-9080-b05f47ca9717,Darjeeling
90ea799e-1c99-4aaa-8aa7-957f091f76e8,4f29f067-44d7-4e05-9080-b05f47ca9717,Dinajpur Dakshin
c9947634-a644-4f19-aba0-4074789a8aa7,4f29f067-44d7-4e05-9080-b05f47ca9717,Dinajpur Uttar
4bff2529-4056-46c0-a003-a9ee7c3778fd,4f29f067-44d7-4e05-9080-b05f47ca9717,Hooghly
08b00e43-b8e7-41e6-8870-7b93c85cae96,4f29f067-44d7-4e05-9080-b05f47ca9717,Howrah
8deb4cdd-8a49-463a-bb90-7d8b9fe9659a,4f29f067-44d7-4e05-9080-b05f47ca9717,Jalpaiguri
f320979a-f933-4fa7-919d-e2229eeb0539,4f29f067-44d7-4e05-9080-b05f47ca9717,Jhargram
bebe9a60-d23c-407a-b881-c453efd53747,4f29f067-44d7-4e05-9080-b05f47ca9717,Kalimpong
96fdfddc-4ffe-4af8-a462-4a2b969e60d5,4f29f067-44d7-4e05-9080-b05f47ca9717,Kolkata
31214caf-a875-4575-8ee6-ffba686130c6,4f29f067-44d7-4e05-9080-b05f47ca9717,Maldah
41a703a5-d8b9-4145-a6cc-70246224c829,4f29f067-44d7-4e05-9080-b05f47ca9717,Medinipur East
a91c4d4e-bec4-49cc-a02f-d5917ef093c2,4f29f067-44d7-4e05-9080-b05f47ca9717,Medinipur West
93eb5d7e-17be-43cf-b8ee-9881aecc9da6,4f29f067-44d7-4e05-9080-b05f47ca9717,Murshidabad
7b780569-1ee3-4b7b-90d6-e48093f1def6,4f29f067-44d7-4e05-9080-b05f47ca9717,Nadia
846bdb6b-faa3-4f23-8e65-7622292c5209,4f29f067-44d7-4e05-9080-b05f47ca9717,Paschim Bardhaman
3f88e82a-b2a3-4e17-9e86-db4dece6e015,4f29f067-44d7-4e05-9080-b05f47ca9717,Purba Bardhaman
9d440feb-1743-41c1-80d6-36258e9b8320,4f29f067-44d7-4e05-9080-b05f47ca9717,Purulia
